,AIRCRAFT,ORIGIN,STD_MIN,STA_MIN,ATD_MIN,Distance_km,0,1,2,3
0,E145,BLR,27913150,27913215,27913241,463.8928171,0.0,1.0,1.0,0.0
1,E145,BLR,27905950,27906015,27905975,463.8928171,0.0,1.0,1.0,0.0
2,E145,BLR,27903070,27903135,27903080,463.8928171,0.0,1.0,1.0,0.0
3,E145,BLR,27900190,27900255,27900201,463.8928171,0.0,1.0,1.0,0.0
4,E145,BLR,27897310,27897375,27897354,463.8928171,0.0,1.0,1.0,0.0
5,E145,BLR,27895870,27895935,27895884,463.8928171,0.0,1.0,1.0,0.0
6,E145,BLR,27892990,27893055,27892999,463.8928171,0.0,1.0,1.0,0.0
7,E145,BLR,27891550,27891615,27891704,463.8928171,0.0,1.0,1.0,0.0
8,E145,BLR,27890110,27890175,27890153,463.8928171,0.0,1.0,1.0,0.0
9,E145,BLR,27885790,27885855,27885947,463.8928171,0.0,1.0,1.0,0.0
10,E145,BLR,27884350,27884415,27884561,463.8928171,0.0,1.0,1.0,0.0
11,E145,BLR,27882910,27882975,27883082,463.8928171,0.0,1.0,1.0,0.0
12,E145,BLR,27881470,27881535,27881824,463.8928171,0.0,1.0,1.0,0.0
13,E145,BLR,27880030,27880095,27880061,463.8928171,0.0,1.0,1.0,0.0
14,E145,BLR,27878590,27878655,27878621,463.8928171,0.0,1.0,1.0,0.0
15,E145,BLR,27877150,27877215,27877201,463.8928171,0.0,1.0,1.0,0.0
16,E145,BLR,27875710,27875775,27875732,463.8928171,0.0,1.0,1.0,0.0
17,E145,BLR,27874270,27874335,27874335,463.8928171,0.0,1.0,1.0,0.0
18,E145,BLR,27872830,27872895,27872973,463.8928171,0.0,1.0,1.0,0.0
19,E145,BLR,27871390,27871455,27871661,463.8928171,0.0,1.0,1.0,0.0
20,E145,BLR,27869950,27870015,27869969,463.8928171,0.0,1.0,1.0,0.0
21,E145,BLR,27868510,27868575,27868522,463.8928171,0.0,1.0,1.0,0.0
22,E145,BLR,27867070,27867135,27867089,463.8928171,0.0,1.0,1.0,0.0
23,E145,BLR,27865630,27865695,27865759,463.8928171,0.0,1.0,1.0,0.0
24,E145,BLR,27864190,27864255,27864207,463.8928171,0.0,1.0,1.0,0.0
25,E145,BLR,27861310,27861375,27861440,463.8928171,0.0,1.0,1.0,0.0
26,E145,BLR,27859870,27859935,27859889,463.8928171,0.0,1.0,1.0,0.0
27,E145,BLR,27858430,27858495,27858527,463.8928171,0.0,1.0,1.0,0.0
28,E145,BLR,27856990,27857055,27857009,463.8928171,0.0,1.0,1.0,0.0
29,E145,BLR,27855550,27855615,27855681,463.8928171,0.0,1.0,1.0,0.0
30,E145,BLR,27854110,27854175,27854133,463.8928171,0.0,1.0,1.0,0.0
31,E145,BLR,27851230,27851295,27851364,463.8928171,0.0,1.0,1.0,0.0
32,E145,BLR,27849790,27849855,27849892,463.8928171,0.0,1.0,1.0,0.0
33,E145,BLR,27848350,27848415,27848514,463.8928171,0.0,1.0,1.0,0.0
34,E145,BLR,27846910,27846975,27846917,463.8928171,0.0,1.0,1.0,0.0
35,E145,BLR,27845470,27845535,27845827,463.8928171,0.0,1.0,1.0,0.0
36,E145,BLR,27844030,27844095,27844069,463.8928171,0.0,1.0,1.0,0.0
37,E145,BLR,27842590,27842655,27842664,463.8928171,0.0,1.0,1.0,0.0
38,E145,BLR,27841150,27841215,27841156,463.8928171,0.0,1.0,1.0,0.0
39,E145,BLR,27839710,27839775,27839803,463.8928171,0.0,1.0,1.0,0.0
40,E145,BLR,27836830,27836895,27836857,463.8928171,0.0,1.0,1.0,0.0
41,E145,BLR,27835390,27835455,27835589,463.8928171,0.0,1.0,1.0,0.0
42,E145,BLR,27833950,27834015,27834062,463.8928171,0.0,1.0,1.0,0.0
43,E145,BLR,27832510,27832575,27832765,463.8928171,0.0,1.0,1.0,0.0
44,E145,BLR,27831070,27831135,27831209,463.8928171,0.0,1.0,1.0,0.0
45,E145,BLR,27829630,27829695,27829714,463.8928171,0.0,1.0,1.0,0.0
46,E145,BLR,27828190,27828255,27828342,463.8928171,0.0,1.0,1.0,0.0
47,E145,BLR,27826750,27826815,27826757,463.8928171,0.0,1.0,1.0,0.0
48,E145,BLR,27825310,27825375,27825454,463.8928171,0.0,1.0,1.0,0.0
49,E145,BLR,27823870,27823935,27823914,463.8928171,0.0,1.0,1.0,0.0
50,E145,BLR,27822430,27822495,27822494,463.8928171,0.0,1.0,1.0,0.0
51,E145,BLR,27820990,27821055,27821035,463.8928171,0.0,1.0,1.0,0.0
52,E145,BLR,27819550,27819615,27819565,463.8928171,0.0,1.0,1.0,0.0
53,E145,BLR,27818110,27818175,27818152,463.8928171,0.0,1.0,1.0,0.0
54,E145,BLR,27816670,27816735,27816663,463.8928171,0.0,1.0,1.0,0.0
55,E145,BLR,27815230,27815295,27815370,463.8928171,0.0,1.0,1.0,0.0
56,E145,BLR,27813790,27813855,27813808,463.8928171,0.0,1.0,1.0,0.0
57,E145,BLR,27812350,27812415,27812494,463.8928171,0.0,1.0,1.0,0.0
58,E145,BLR,27810910,27810975,27811044,463.8928171,0.0,1.0,1.0,0.0
59,E145,BLR,27809470,27809535,27809489,463.8928171,0.0,1.0,1.0,0.0
60,E145,BLR,27808030,27808095,27808049,463.8928171,0.0,1.0,1.0,0.0
61,E145,BLR,27806590,27806655,27806600,463.8928171,0.0,1.0,1.0,0.0
62,E145,BLR,27805150,27805215,27805159,463.8928171,0.0,1.0,1.0,0.0
63,E145,BLR,27803710,27803775,27803728,463.8928171,0.0,1.0,1.0,0.0
64,E145,BLR,27802270,27802335,27802279,463.8928171,0.0,1.0,1.0,0.0
65,E145,BLR,27800830,27800895,27800850,463.8928171,0.0,1.0,1.0,0.0
66,E145,BLR,27799390,27799455,27799410,463.8928171,0.0,1.0,1.0,0.0
67,E145,BLR,27797950,27798015,27797957,463.8928171,0.0,1.0,1.0,0.0
68,E145,BLR,27796510,27796575,27796531,463.8928171,0.0,1.0,1.0,0.0
69,E145,BLR,27795070,27795135,27795092,463.8928171,0.0,1.0,1.0,0.0
70,E145,BLR,27793630,27793695,27793678,463.8928171,0.0,1.0,1.0,0.0
71,E145,BLR,27792190,27792255,27792200,463.8928171,0.0,1.0,1.0,0.0
72,E145,BLR,27790750,27790815,27790789,463.8928171,0.0,1.0,1.0,0.0
73,E145,BLR,27789310,27789375,27789322,463.8928171,0.0,1.0,1.0,0.0
74,E145,BLR,27787870,27787935,27787883,463.8928171,0.0,1.0,1.0,0.0
75,E145,BLR,27786430,27786495,27786441,463.8928171,0.0,1.0,1.0,0.0
76,E145,BLR,27784990,27785055,27785012,463.8928171,0.0,1.0,1.0,0.0
77,E145,BLR,27783550,27783615,27783754,463.8928171,0.0,1.0,1.0,0.0
78,E145,BLR,27782200,27782265,27782338,463.8928171,0.0,1.0,1.0,0.0
79,E145,BLR,27780760,27780825,27780772,463.8928171,0.0,1.0,1.0,0.0
80,E145,BLR,27773470,27773535,27773801,463.8928171,0.0,1.0,1.0,0.0
81,E145,BLR,27772120,27772185,27772096,463.8928171,0.0,1.0,1.0,0.0
82,E145,BLR,27770680,27770745,27770687,463.8928171,0.0,1.0,1.0,0.0
83,E145,BLR,27769150,27769215,27769164,463.8928171,0.0,1.0,1.0,0.0
84,E145,BLR,27767710,27767775,27767743,463.8928171,0.0,1.0,1.0,0.0
85,E145,BLR,27766270,27766335,27766392,463.8928171,0.0,1.0,1.0,0.0
86,E145,BLR,27763390,27763455,27763485,463.8928171,0.0,1.0,1.0,0.0
87,E145,BLR,27762040,27762105,27762088,463.8928171,0.0,1.0,1.0,0.0
88,E145,BLR,27760600,27760665,27760544,463.8928171,0.0,1.0,1.0,0.0
89,E145,BLR,27759070,27759135,27759079,463.8928171,0.0,1.0,1.0,0.0
90,E145,BLR,27757630,27757695,27757705,463.8928171,0.0,1.0,1.0,0.0
91,E145,BLR,27756190,27756255,27756285,463.8928171,0.0,1.0,1.0,0.0
92,E145,BLR,27754750,27754815,27754988,463.8928171,0.0,1.0,1.0,0.0
93,E145,BLR,27751960,27752025,27752014,463.8928171,0.0,1.0,1.0,0.0
94,E145,BLR,27750520,27750585,27750523,463.8928171,0.0,1.0,1.0,0.0
95,E145,BLR,27748990,27749055,27749087,463.8928171,0.0,1.0,1.0,0.0
96,E145,BLR,27747550,27747615,27747645,463.8928171,0.0,1.0,1.0,0.0
97,E145,BLR,27746110,27746175,27746208,463.8928171,0.0,1.0,1.0,0.0
98,E145,BLR,27744670,27744735,27744779,463.8928171,0.0,1.0,1.0,0.0
99,E145,BLR,27743230,27743295,27743259,463.8928171,0.0,1.0,1.0,0.0
100,E145,BLR,27741880,27741945,27741887,463.8928171,0.0,1.0,1.0,0.0
101,E145,BLR,27740440,27740505,27740439,463.8928171,0.0,1.0,1.0,0.0
102,E145,BLR,27738910,27738975,27738913,463.8928171,0.0,1.0,1.0,0.0
103,E145,BLR,27737470,27737535,27737494,463.8928171,0.0,1.0,1.0,0.0
104,E145,BLR,27736030,27736095,27736042,463.8928171,0.0,1.0,1.0,0.0
105,E145,BLR,27734590,27734655,27734689,463.8928171,0.0,1.0,1.0,0.0
106,E145,BLR,27733150,27733215,27733191,463.8928171,0.0,1.0,1.0,0.0
107,E145,BLR,27731800,27731865,27731815,463.8928171,0.0,1.0,1.0,0.0
108,E145,BLR,27730360,27730425,27730464,463.8928171,0.0,1.0,1.0,0.0
109,E145,BLR,27728830,27728895,27728839,463.8928171,0.0,1.0,1.0,0.0
110,E145,BLR,27727390,27727455,27727406,463.8928171,0.0,1.0,1.0,0.0
111,E145,BLR,27725950,27726015,27725947,463.8928171,0.0,1.0,1.0,0.0
112,E145,BLR,27724510,27724575,27724603,463.8928171,0.0,1.0,1.0,0.0
113,E145,BLR,27723070,27723135,27723118,463.8928171,0.0,1.0,1.0,0.0
114,E145,BLR,27721720,27721785,27721895,463.8928171,0.0,1.0,1.0,0.0
115,E145,BLR,27720280,27720345,27720297,463.8928171,0.0,1.0,1.0,0.0
116,E145,BLR,27718750,27718815,27718774,463.8928171,0.0,1.0,1.0,0.0
117,E145,BLR,27717310,27717375,27717312,463.8928171,0.0,1.0,1.0,0.0
118,E145,BLR,27715870,27715935,27715882,463.8928171,0.0,1.0,1.0,0.0
119,E145,BLR,27714430,27714495,27714537,463.8928171,0.0,1.0,1.0,0.0
120,E145,BLR,27712990,27713055,27713355,463.8928171,0.0,1.0,1.0,0.0
121,E145,BLR,27711640,27711705,27711640,463.8928171,0.0,1.0,1.0,0.0
122,E145,BLR,27710200,27710265,27710194,463.8928171,0.0,1.0,1.0,0.0
123,E145,BLR,27708670,27708735,27708676,463.8928171,0.0,1.0,1.0,0.0
124,E145,BLR,27707230,27707295,27707244,463.8928171,0.0,1.0,1.0,0.0
125,E145,BLR,27705790,27705855,27705808,463.8928171,0.0,1.0,1.0,0.0
126,E145,BLR,27704350,27704415,27704447,463.8928171,0.0,1.0,1.0,0.0
127,E145,BLR,27702910,27702975,27702908,463.8928171,0.0,1.0,1.0,0.0
128,E145,BLR,27701560,27701625,27701578,463.8928171,0.0,1.0,1.0,0.0
129,E145,BLR,27700120,27700185,27700138,463.8928171,0.0,1.0,1.0,0.0
130,E145,BLR,27698590,27698655,27698600,463.8928171,0.0,1.0,1.0,0.0
131,E145,BLR,27697150,27697215,27697194,463.8928171,0.0,1.0,1.0,0.0
132,E145,BLR,27695710,27695775,27695724,463.8928171,0.0,1.0,1.0,0.0
133,E145,BLR,27694270,27694335,27694371,463.8928171,0.0,1.0,1.0,0.0
134,E145,BLR,27692830,27692895,27692913,463.8928171,0.0,1.0,1.0,0.0
135,E145,BLR,27691480,27691545,27691502,463.8928171,0.0,1.0,1.0,0.0
136,E145,BLR,27690040,27690105,27690280,463.8928171,0.0,1.0,1.0,0.0
137,E145,BLR,27688510,27688575,27688531,463.8928171,0.0,1.0,1.0,0.0
138,E145,BLR,27687070,27687135,27687205,463.8928171,0.0,1.0,1.0,0.0
139,E145,BLR,27685630,27685695,27685637,463.8928171,0.0,1.0,1.0,0.0
140,E145,BLR,27684190,27684255,27684289,463.8928171,0.0,1.0,1.0,0.0
141,E145,BLR,27682750,27682815,27682951,463.8928171,0.0,1.0,1.0,0.0
142,E145,BLR,27681400,27681465,27681464,463.8928171,0.0,1.0,1.0,0.0
143,E145,BLR,27679960,27680025,27679990,463.8928171,0.0,1.0,1.0,0.0
144,E145,BLR,27678430,27678495,27678527,463.8928171,0.0,1.0,1.0,0.0
145,E145,BLR,27676990,27677055,27677147,463.8928171,0.0,1.0,1.0,0.0
146,E145,BLR,27675550,27675615,27675554,463.8928171,0.0,1.0,1.0,0.0
147,E145,BLR,27674110,27674175,27674135,463.8928171,0.0,1.0,1.0,0.0
148,E145,BLR,27672670,27672735,27672749,463.8928171,0.0,1.0,1.0,0.0
149,E145,BLR,27671320,27671385,27671317,463.8928171,0.0,1.0,1.0,0.0
150,E145,BLR,27669880,27669945,27669882,463.8928171,0.0,1.0,1.0,0.0
151,E145,BLR,27668350,27668415,27668771,463.8928171,0.0,1.0,1.0,0.0
152,E145,BLR,27666910,27666975,27666974,463.8928171,0.0,1.0,1.0,0.0
153,E145,BLR,27665470,27665535,27665478,463.8928171,0.0,1.0,1.0,0.0
154,E145,BLR,27664030,27664095,27664139,463.8928171,0.0,1.0,1.0,0.0
155,E145,BLR,27662590,27662655,27662603,463.8928171,0.0,1.0,1.0,0.0
156,E145,BLR,27659800,27659865,27659817,463.8928171,0.0,1.0,1.0,0.0
157,E145,BLR,27658270,27658335,27658273,463.8928171,0.0,1.0,1.0,0.0
158,E145,BLR,27656830,27656895,27656846,463.8928171,0.0,1.0,1.0,0.0
159,E145,BLR,27655390,27655455,27655391,463.8928171,0.0,1.0,1.0,0.0
160,E145,BLR,27653950,27654015,27654043,463.8928171,0.0,1.0,1.0,0.0
161,E145,BLR,27652510,27652575,27652524,463.8928171,0.0,1.0,1.0,0.0
162,E145,BLR,27651160,27651225,27651178,463.8928171,0.0,1.0,1.0,0.0
163,E145,BLR,27649720,27649785,27649728,463.8928171,0.0,1.0,1.0,0.0
164,E145,BLR,27648190,27648255,27648202,463.8928171,0.0,1.0,1.0,0.0
165,E145,BLR,27646750,27646815,27646757,463.8928171,0.0,1.0,1.0,0.0
166,E145,BLR,27645310,27645375,27645335,463.8928171,0.0,1.0,1.0,0.0
167,E145,BLR,27643870,27643935,27643960,463.8928171,0.0,1.0,1.0,0.0
168,E145,BLR,27642430,27642495,27642432,463.8928171,0.0,1.0,1.0,0.0
169,E145,BLR,27640990,27641055,27641078,463.8928171,0.0,1.0,1.0,0.0
170,E145,BLR,27639550,27639615,27639641,463.8928171,0.0,1.0,1.0,0.0
171,E145,BLR,27638110,27638175,27638119,463.8928171,0.0,1.0,1.0,0.0
172,E145,BLR,27636670,27636735,27636718,463.8928171,0.0,1.0,1.0,0.0
173,E145,BLR,27635230,27635295,27635251,463.8928171,0.0,1.0,1.0,0.0
174,E145,BLR,27633790,27633855,27633895,463.8928171,0.0,1.0,1.0,0.0
175,E145,BLR,27632350,27632415,27632415,463.8928171,0.0,1.0,1.0,0.0
176,E145,BLR,27630910,27630975,27631004,463.8928171,0.0,1.0,1.0,0.0
177,E145,BLR,27629470,27629535,27629560,463.8928171,0.0,1.0,1.0,0.0
178,E145,BLR,27628030,27628095,27628034,463.8928171,0.0,1.0,1.0,0.0
179,E145,BLR,27626590,27626655,27626587,463.8928171,0.0,1.0,1.0,0.0
180,E145,BLR,27625150,27625215,27625213,463.8928171,0.0,1.0,1.0,0.0
181,E145,BLR,27623710,27623775,27623800,463.8928171,0.0,1.0,1.0,0.0
182,E145,BLR,27622270,27622335,27622403,463.8928171,0.0,1.0,1.0,0.0
183,E145,BLR,27620830,27620895,27620970,463.8928171,0.0,1.0,1.0,0.0
184,E145,BLR,27619390,27619455,27619490,463.8928171,0.0,1.0,1.0,0.0
185,E145,BLR,27617950,27618015,27617954,463.8928171,0.0,1.0,1.0,0.0
186,E145,BLR,27616510,27616575,27616515,463.8928171,0.0,1.0,1.0,0.0
187,E145,BLR,27615070,27615135,27615091,463.8928171,0.0,1.0,1.0,0.0
188,E145,BLR,27613630,27613695,27613725,463.8928171,0.0,1.0,1.0,0.0
189,E145,BLR,27612190,27612255,27612264,463.8928171,0.0,1.0,1.0,0.0
190,E145,BLR,27610750,27610815,27610857,463.8928171,0.0,1.0,1.0,0.0
191,E145,BLR,27609310,27609375,27609410,463.8928171,0.0,1.0,1.0,0.0
192,E145,BLR,27607870,27607935,27607874,463.8928171,0.0,1.0,1.0,0.0
193,E145,BLR,27606430,27606495,27606435,463.8928171,0.0,1.0,1.0,0.0
194,E145,BLR,27604990,27605055,27605067,463.8928171,0.0,1.0,1.0,0.0
195,E145,BLR,27603550,27603615,27603655,463.8928171,0.0,1.0,1.0,0.0
196,E145,BLR,27602110,27602175,27602118,463.8928171,0.0,1.0,1.0,0.0
197,E145,BLR,27600670,27600735,27600768,463.8928171,0.0,1.0,1.0,0.0
198,E145,BLR,27599230,27599295,27599346,463.8928171,0.0,1.0,1.0,0.0
199,E145,BLR,27597790,27597855,27597913,463.8928171,0.0,1.0,1.0,0.0
200,E145,BLR,27596350,27596415,27596399,463.8928171,0.0,1.0,1.0,0.0
201,E145,BLR,27594910,27594975,27594919,463.8928171,0.0,1.0,1.0,0.0
202,E145,BLR,27593470,27593535,27593573,463.8928171,0.0,1.0,1.0,0.0
203,E145,BLR,27592030,27592095,27592037,463.8928171,0.0,1.0,1.0,0.0
204,E145,BLR,27590590,27590655,27590694,463.8928171,0.0,1.0,1.0,0.0
205,E145,BLR,27589150,27589215,27589241,463.8928171,0.0,1.0,1.0,0.0
206,E145,BLR,27587710,27587775,27587728,463.8928171,0.0,1.0,1.0,0.0
207,E145,BLR,27586270,27586335,27586274,463.8928171,0.0,1.0,1.0,0.0
208,E145,BLR,27584830,27584895,27584832,463.8928171,0.0,1.0,1.0,0.0
209,E145,BLR,27580510,27580575,27580520,463.8928171,0.0,1.0,1.0,0.0
210,E145,BLR,27579070,27579135,27579184,463.8928171,0.0,1.0,1.0,0.0
211,E145,BLR,27577630,27577695,27577638,463.8928171,0.0,1.0,1.0,0.0
212,E145,BLR,27576190,27576255,27576189,463.8928171,0.0,1.0,1.0,0.0
213,E145,BLR,27574750,27574815,27574758,463.8928171,0.0,1.0,1.0,0.0
214,E145,BLR,27573310,27573375,27573375,463.8928171,0.0,1.0,1.0,0.0
215,E145,BLR,27571870,27571935,27571873,463.8928171,0.0,1.0,1.0,0.0
216,E145,BLR,27570430,27570495,27570440,463.8928171,0.0,1.0,1.0,0.0
217,E145,BLR,27568990,27569055,27569100,463.8928171,0.0,1.0,1.0,0.0
218,E145,BLR,27566110,27566175,27566111,463.8928171,0.0,1.0,1.0,0.0
219,E145,BLR,27564670,27564735,27564684,463.8928171,0.0,1.0,1.0,0.0
220,E145,BLR,27561790,27561855,27561841,463.8928171,0.0,1.0,1.0,0.0
221,E145,BLR,27560350,27560415,27560406,463.8928171,0.0,1.0,1.0,0.0
222,E145,BLR,27558910,27558975,27558916,463.8928171,0.0,1.0,1.0,0.0
223,E145,BLR,27557470,27557535,27557522,463.8928171,0.0,1.0,1.0,0.0
224,E145,BLR,27556030,27556095,27556068,463.8928171,0.0,1.0,1.0,0.0
225,E145,BLR,27554590,27554655,27554631,463.8928171,0.0,1.0,1.0,0.0
226,E145,BLR,27553150,27553215,27553209,463.8928171,0.0,1.0,1.0,0.0
227,E145,BLR,27551710,27551775,27551720,463.8928171,0.0,1.0,1.0,0.0
228,E145,BLR,27550270,27550335,27550281,463.8928171,0.0,1.0,1.0,0.0
229,E145,BLR,27548830,27548895,27548839,463.8928171,0.0,1.0,1.0,0.0
230,E145,BLR,27547390,27547455,27547429,463.8928171,0.0,1.0,1.0,0.0
231,E145,BLR,27545950,27546015,27545964,463.8928171,0.0,1.0,1.0,0.0
232,E145,BLR,27544510,27544575,27544529,463.8928171,0.0,1.0,1.0,0.0
233,E145,BLR,27543070,27543135,27543091,463.8928171,0.0,1.0,1.0,0.0
234,E145,BLR,27541630,27541695,27541636,463.8928171,0.0,1.0,1.0,0.0
235,E145,BLR,27540190,27540255,27540193,463.8928171,0.0,1.0,1.0,0.0
236,E145,BLR,27538750,27538815,27538756,463.8928171,0.0,1.0,1.0,0.0
237,E145,BLR,27537310,27537375,27537313,463.8928171,0.0,1.0,1.0,0.0
238,E145,BLR,27535870,27535935,27536048,463.8928171,0.0,1.0,1.0,0.0
239,E145,BLR,27534430,27534495,27534464,463.8928171,0.0,1.0,1.0,0.0
240,E145,BLR,27532990,27533055,27533003,463.8928171,0.0,1.0,1.0,0.0
241,E145,BLR,27531550,27531615,27531559,463.8928171,0.0,1.0,1.0,0.0
242,E145,BLR,27530110,27530175,27530202,463.8928171,0.0,1.0,1.0,0.0
243,E145,BLR,27528670,27528735,27528855,463.8928171,0.0,1.0,1.0,0.0
244,E145,BLR,27527230,27527295,27527228,463.8928171,0.0,1.0,1.0,0.0
245,E145,BLR,27525790,27525855,27525792,463.8928171,0.0,1.0,1.0,0.0
246,E145,BLR,27524350,27524415,27524352,463.8928171,0.0,1.0,1.0,0.0
247,E145,BLR,27522910,27522975,27522918,463.8928171,0.0,1.0,1.0,0.0
248,E145,BLR,27521470,27521535,27521534,463.8928171,0.0,1.0,1.0,0.0
249,E145,BLR,27520030,27520095,27520031,463.8928171,0.0,1.0,1.0,0.0
250,E145,BLR,27518590,27518655,27518663,463.8928171,0.0,1.0,1.0,0.0
251,E145,BLR,27517150,27517215,27517169,463.8928171,0.0,1.0,1.0,0.0
252,E145,BLR,27515710,27515775,27515767,463.8928171,0.0,1.0,1.0,0.0
253,E145,BLR,27514270,27514335,27514283,463.8928171,0.0,1.0,1.0,0.0
254,E145,BLR,27512830,27512895,27512883,463.8928171,0.0,1.0,1.0,0.0
255,E145,BLR,27511390,27511455,27511588,463.8928171,0.0,1.0,1.0,0.0
256,E145,BLR,27509950,27510015,27509953,463.8928171,0.0,1.0,1.0,0.0
257,E145,BLR,27508510,27508575,27508528,463.8928171,0.0,1.0,1.0,0.0
258,E145,BLR,27507070,27507135,27507086,463.8928171,0.0,1.0,1.0,0.0
259,E145,BLR,27505630,27505695,27505638,463.8928171,0.0,1.0,1.0,0.0
260,E145,BLR,27504190,27504255,27504205,463.8928171,0.0,1.0,1.0,0.0
261,E145,BLR,27502750,27502815,27502757,463.8928171,0.0,1.0,1.0,0.0
262,E145,BLR,27501310,27501375,27501315,463.8928171,0.0,1.0,1.0,0.0
263,E145,BLR,27499870,27499935,27499906,463.8928171,0.0,1.0,1.0,0.0
264,E145,BLR,27498430,27498495,27498504,463.8928171,0.0,1.0,1.0,0.0
265,E145,BLR,27496990,27497055,27497007,463.8928171,0.0,1.0,1.0,0.0
266,E145,BLR,27495550,27495615,27495563,463.8928171,0.0,1.0,1.0,0.0
267,E145,BLR,27494110,27494175,27494121,463.8928171,0.0,1.0,1.0,0.0
268,E145,BLR,27492670,27492735,27492680,463.8928171,0.0,1.0,1.0,0.0
269,E145,BLR,27491230,27491295,27491241,463.8928171,0.0,1.0,1.0,0.0
270,E145,BLR,27489790,27489855,27489795,463.8928171,0.0,1.0,1.0,0.0
271,E145,BLR,27488350,27488415,27488410,463.8928171,0.0,1.0,1.0,0.0
272,E145,BLR,27486910,27486975,27486925,463.8928171,0.0,1.0,1.0,0.0
273,E145,BLR,27485470,27485535,27485481,463.8928171,0.0,1.0,1.0,0.0
274,E145,BLR,27484030,27484095,27484036,463.8928171,0.0,1.0,1.0,0.0
275,E145,BLR,27482590,27482655,27482592,463.8928171,0.0,1.0,1.0,0.0
276,E145,BLR,27481150,27481215,27481414,463.8928171,0.0,1.0,1.0,0.0
277,E145,BLR,27479710,27479775,27479710,463.8928171,0.0,1.0,1.0,0.0
278,E145,BLR,27478270,27478335,27478277,463.8928171,0.0,1.0,1.0,0.0
279,E145,BLR,27476830,27476895,27476835,463.8928171,0.0,1.0,1.0,0.0
280,E145,BLR,27475390,27475455,27475391,463.8928171,0.0,1.0,1.0,0.0
281,E145,BLR,27473950,27474015,27473955,463.8928171,0.0,1.0,1.0,0.0
282,E145,BLR,27472510,27472575,27472510,463.8928171,0.0,1.0,1.0,0.0
283,E145,BLR,27471070,27471135,27471113,463.8928171,0.0,1.0,1.0,0.0
284,E145,BLR,27469630,27469695,27469635,463.8928171,0.0,1.0,1.0,0.0
285,E145,BLR,27468190,27468255,27468251,463.8928171,0.0,1.0,1.0,0.0
286,E145,BLR,27466750,27466815,27466774,463.8928171,0.0,1.0,1.0,0.0
287,E145,BLR,27465310,27465375,27465334,463.8928171,0.0,1.0,1.0,0.0
288,E145,BLR,27463870,27463935,27463868,463.8928171,0.0,1.0,1.0,0.0
289,E145,BLR,27462430,27462495,27462449,463.8928171,0.0,1.0,1.0,0.0
290,E145,BLR,27460990,27461055,27460989,463.8928171,0.0,1.0,1.0,0.0
291,E145,BLR,27459550,27459615,27459555,463.8928171,0.0,1.0,1.0,0.0
292,E145,BLR,27458110,27458175,27458116,463.8928171,0.0,1.0,1.0,0.0
293,E145,BLR,27456670,27456735,27456690,463.8928171,0.0,1.0,1.0,0.0
294,E145,BLR,27455230,27455295,27455231,463.8928171,0.0,1.0,1.0,0.0
295,E145,BLR,27453790,27453855,27453807,463.8928171,0.0,1.0,1.0,0.0
296,E145,BLR,27452350,27452415,27452377,463.8928171,0.0,1.0,1.0,0.0
297,E145,BLR,27450910,27450975,27450935,463.8928171,0.0,1.0,1.0,0.0
298,E145,BLR,27449470,27449535,27449490,463.8928171,0.0,1.0,1.0,0.0
299,E145,BLR,27448030,27448095,27448046,463.8928171,0.0,1.0,1.0,0.0
300,E145,BLR,27446590,27446655,27446617,463.8928171,0.0,1.0,1.0,0.0
301,E145,BLR,27445150,27445215,27445214,463.8928171,0.0,1.0,1.0,0.0
302,E145,BLR,27443710,27443775,27443732,463.8928171,0.0,1.0,1.0,0.0
303,E145,BLR,27442270,27442335,27442287,463.8928171,0.0,1.0,1.0,0.0
304,E145,BLR,27440830,27440895,27440849,463.8928171,0.0,1.0,1.0,0.0
305,E145,BLR,27439390,27439455,27439510,463.8928171,0.0,1.0,1.0,0.0
306,E145,BLR,27437950,27438015,27437958,463.8928171,0.0,1.0,1.0,0.0
307,E145,BLR,27436510,27436575,27436531,463.8928171,0.0,1.0,1.0,0.0
308,E145,BLR,27435070,27435135,27435095,463.8928171,0.0,1.0,1.0,0.0
309,E145,BLR,27433630,27433695,27433661,463.8928171,0.0,1.0,1.0,0.0
310,E145,BLR,27432190,27432255,27432224,463.8928171,0.0,1.0,1.0,0.0
311,E145,BLR,27430750,27430815,27430761,463.8928171,0.0,1.0,1.0,0.0
312,E145,BLR,27429310,27429375,27429323,463.8928171,0.0,1.0,1.0,0.0
313,E145,BLR,27427870,27427935,27427903,463.8928171,0.0,1.0,1.0,0.0
314,E145,BLR,27426430,27426495,27426442,463.8928171,0.0,1.0,1.0,0.0
315,E145,BLR,27424990,27425055,27424999,463.8928171,0.0,1.0,1.0,0.0
316,E145,BLR,27423550,27423615,27423562,463.8928171,0.0,1.0,1.0,0.0
317,E145,BLR,27422110,27422175,27422121,463.8928171,0.0,1.0,1.0,0.0
318,E145,BLR,27420670,27420735,27420682,463.8928171,0.0,1.0,1.0,0.0
319,E145,BLR,27419230,27419295,27419235,463.8928171,0.0,1.0,1.0,0.0
320,E145,BLR,27417790,27417855,27417892,463.8928171,0.0,1.0,1.0,0.0
321,E145,BLR,27416350,27416415,27416488,463.8928171,0.0,1.0,1.0,0.0
322,E145,BLR,27414910,27414975,27414917,463.8928171,0.0,1.0,1.0,0.0
323,E145,BLR,27413470,27413535,27413485,463.8928171,0.0,1.0,1.0,0.0
324,E145,BLR,27412030,27412095,27412039,463.8928171,0.0,1.0,1.0,0.0
325,E145,BLR,27410590,27410655,27410606,463.8928171,0.0,1.0,1.0,0.0
326,E145,BLR,27409150,27409215,27409159,463.8928171,0.0,1.0,1.0,0.0
327,E145,BLR,27407710,27407775,27407727,463.8928171,0.0,1.0,1.0,0.0
328,E145,BLR,27406270,27406335,27406290,463.8928171,0.0,1.0,1.0,0.0
329,E145,BLR,27404830,27404895,27404844,463.8928171,0.0,1.0,1.0,0.0
330,E145,BLR,27403390,27403455,27403395,463.8928171,0.0,1.0,1.0,0.0
331,E145,BLR,27401950,27402015,27401972,463.8928171,0.0,1.0,1.0,0.0
332,E145,BLR,27400510,27400575,27400518,463.8928171,0.0,1.0,1.0,0.0
333,E145,BLR,27399070,27399135,27399084,463.8928171,0.0,1.0,1.0,0.0
334,E145,BLR,27397630,27397695,27397650,463.8928171,0.0,1.0,1.0,0.0
335,E145,BLR,27396190,27396255,27396211,463.8928171,0.0,1.0,1.0,0.0
336,E145,BLR,27394750,27394815,27394764,463.8928171,0.0,1.0,1.0,0.0
337,E145,BLR,27393310,27393375,27393326,463.8928171,0.0,1.0,1.0,0.0
338,E145,BLR,27391870,27391935,27391915,463.8928171,0.0,1.0,1.0,0.0
339,E145,BLR,27390430,27390495,27390529,463.8928171,0.0,1.0,1.0,0.0
340,AT76,BLR,27914815,27914905,27914831,463.8928171,1.0,0.0,1.0,0.0
341,AT76,BLR,27913375,27913465,27913397,463.8928171,1.0,0.0,1.0,0.0
342,AT76,BLR,27911935,27912025,27911945,463.8928171,1.0,0.0,1.0,0.0
343,AT76,BLR,27910495,27910585,27910507,463.8928171,1.0,0.0,1.0,0.0
344,AT76,BLR,27909055,27909145,27909092,463.8928171,1.0,0.0,1.0,0.0
345,AT76,BLR,27907615,27907705,27907634,463.8928171,1.0,0.0,1.0,0.0
346,AT76,BLR,27906175,27906265,27906185,463.8928171,1.0,0.0,1.0,0.0
347,AT76,BLR,27904735,27904825,27904751,463.8928171,1.0,0.0,1.0,0.0
348,AT76,BLR,27903295,27903385,27903322,463.8928171,1.0,0.0,1.0,0.0
349,AT76,BLR,27901855,27901945,27902061,463.8928171,1.0,0.0,1.0,0.0
350,AT76,BLR,27900415,27900505,27900499,463.8928171,1.0,0.0,1.0,0.0
351,AT76,BLR,27898975,27899065,27899014,463.8928171,1.0,0.0,1.0,0.0
352,AT76,BLR,27897535,27897625,27897606,463.8928171,1.0,0.0,1.0,0.0
353,AT76,BLR,27896095,27896185,27896094,463.8928171,1.0,0.0,1.0,0.0
354,AT76,BLR,27894655,27894745,27894742,463.8928171,1.0,0.0,1.0,0.0
355,AT76,BLR,27893215,27893305,27893230,463.8928171,1.0,0.0,1.0,0.0
356,AT76,BLR,27891775,27891865,27891790,463.8928171,1.0,0.0,1.0,0.0
357,AT76,BLR,27890335,27890425,27890354,463.8928171,1.0,0.0,1.0,0.0
358,AT76,BLR,27888895,27888985,27889150,463.8928171,1.0,0.0,1.0,0.0
359,AT76,BLR,27887455,27887545,27887505,463.8928171,1.0,0.0,1.0,0.0
360,AT76,BLR,27886015,27886105,27886039,463.8928171,1.0,0.0,1.0,0.0
361,AT76,BLR,27884575,27884665,27884608,463.8928171,1.0,0.0,1.0,0.0
362,AT76,BLR,27883135,27883225,27883181,463.8928171,1.0,0.0,1.0,0.0
363,AT76,BLR,27881695,27881785,27881710,463.8928171,1.0,0.0,1.0,0.0
364,AT76,BLR,27880255,27880345,27880265,463.8928171,1.0,0.0,1.0,0.0
365,AT76,BLR,27878815,27878905,27878835,463.8928171,1.0,0.0,1.0,0.0
366,AT76,BLR,27877375,27877465,27877386,463.8928171,1.0,0.0,1.0,0.0
367,AT76,BLR,27875935,27876025,27875946,463.8928171,1.0,0.0,1.0,0.0
368,AT76,BLR,27874495,27874585,27874504,463.8928171,1.0,0.0,1.0,0.0
369,AT76,BLR,27873055,27873145,27873064,463.8928171,1.0,0.0,1.0,0.0
370,AT76,BLR,27871615,27871705,27871650,463.8928171,1.0,0.0,1.0,0.0
371,AT76,BLR,27870175,27870265,27870358,463.8928171,1.0,0.0,1.0,0.0
372,AT76,BLR,27868735,27868825,27868907,463.8928171,1.0,0.0,1.0,0.0
373,AT76,BLR,27867295,27867385,27867328,463.8928171,1.0,0.0,1.0,0.0
374,AT76,BLR,27865855,27865945,27865856,463.8928171,1.0,0.0,1.0,0.0
375,AT76,BLR,27864415,27864505,27864433,463.8928171,1.0,0.0,1.0,0.0
376,AT76,BLR,27862975,27863065,27862984,463.8928171,1.0,0.0,1.0,0.0
377,AT76,BLR,27861535,27861625,27861553,463.8928171,1.0,0.0,1.0,0.0
378,AT76,BLR,27860095,27860185,27860123,463.8928171,1.0,0.0,1.0,0.0
379,AT76,BLR,27858655,27858745,27858911,463.8928171,1.0,0.0,1.0,0.0
380,AT76,BLR,27857215,27857305,27857261,463.8928171,1.0,0.0,1.0,0.0
381,AT76,BLR,27855775,27855865,27855784,463.8928171,1.0,0.0,1.0,0.0
382,AT76,BLR,27854335,27854425,27854338,463.8928171,1.0,0.0,1.0,0.0
383,AT76,BLR,27852895,27852985,27852917,463.8928171,1.0,0.0,1.0,0.0
384,AT76,BLR,27851455,27851545,27851465,463.8928171,1.0,0.0,1.0,0.0
385,AT76,BLR,27850015,27850105,27850025,463.8928171,1.0,0.0,1.0,0.0
386,AT76,BLR,27848575,27848665,27848584,463.8928171,1.0,0.0,1.0,0.0
387,AT76,BLR,27847135,27847225,27847178,463.8928171,1.0,0.0,1.0,0.0
388,AT76,BLR,27845695,27845785,27845707,463.8928171,1.0,0.0,1.0,0.0
389,AT76,BLR,27844255,27844345,27844262,463.8928171,1.0,0.0,1.0,0.0
390,AT76,BLR,27842815,27842905,27842827,463.8928171,1.0,0.0,1.0,0.0
391,AT76,BLR,27841375,27841465,27841397,463.8928171,1.0,0.0,1.0,0.0
392,AT76,BLR,27839935,27840025,27839935,463.8928171,1.0,0.0,1.0,0.0
393,AT76,BLR,27838495,27838585,27838555,463.8928171,1.0,0.0,1.0,0.0
394,AT76,BLR,27837055,27837145,27837100,463.8928171,1.0,0.0,1.0,0.0
395,AT76,BLR,27835615,27835705,27835635,463.8928171,1.0,0.0,1.0,0.0
396,AT76,BLR,27834175,27834265,27834200,463.8928171,1.0,0.0,1.0,0.0
397,AT76,BLR,27832735,27832825,27832759,463.8928171,1.0,0.0,1.0,0.0
398,AT76,BLR,27831295,27831385,27831317,463.8928171,1.0,0.0,1.0,0.0
399,AT76,BLR,27829855,27829945,27830075,463.8928171,1.0,0.0,1.0,0.0
400,AT76,BLR,27828415,27828505,27828438,463.8928171,1.0,0.0,1.0,0.0
401,AT76,BLR,27826975,27827065,27826989,463.8928171,1.0,0.0,1.0,0.0
402,AT76,BLR,27825535,27825625,27825562,463.8928171,1.0,0.0,1.0,0.0
403,AT76,BLR,27824095,27824185,27824151,463.8928171,1.0,0.0,1.0,0.0
404,AT76,BLR,27822655,27822745,27822670,463.8928171,1.0,0.0,1.0,0.0
405,AT76,BLR,27821215,27821305,27821247,463.8928171,1.0,0.0,1.0,0.0
406,AT76,BLR,27819775,27819865,27819783,463.8928171,1.0,0.0,1.0,0.0
407,AT76,BLR,27818335,27818425,27818342,463.8928171,1.0,0.0,1.0,0.0
408,AT76,BLR,27816895,27816985,27816920,463.8928171,1.0,0.0,1.0,0.0
409,AT76,BLR,27815455,27815545,27815471,463.8928171,1.0,0.0,1.0,0.0
410,AT76,BLR,27814015,27814105,27814037,463.8928171,1.0,0.0,1.0,0.0
411,AT76,BLR,27812575,27812665,27812589,463.8928171,1.0,0.0,1.0,0.0
412,AT76,BLR,27811135,27811225,27811171,463.8928171,1.0,0.0,1.0,0.0
413,AT76,BLR,27809695,27809785,27809739,463.8928171,1.0,0.0,1.0,0.0
414,AT76,BLR,27808255,27808345,27808465,463.8928171,1.0,0.0,1.0,0.0
415,AT76,BLR,27806815,27806905,27806830,463.8928171,1.0,0.0,1.0,0.0
416,AT76,BLR,27805375,27805465,27805388,463.8928171,1.0,0.0,1.0,0.0
417,AT76,BLR,27803935,27804025,27803946,463.8928171,1.0,0.0,1.0,0.0
418,AT76,BLR,27802495,27802585,27802548,463.8928171,1.0,0.0,1.0,0.0
419,AT76,BLR,27801055,27801145,27801060,463.8928171,1.0,0.0,1.0,0.0
420,AT76,BLR,27798175,27798265,27798192,463.8928171,1.0,0.0,1.0,0.0
421,AT76,BLR,27796735,27796825,27796753,463.8928171,1.0,0.0,1.0,0.0
422,AT76,BLR,27795295,27795385,27795310,463.8928171,1.0,0.0,1.0,0.0
423,AT76,BLR,27793855,27793945,27793873,463.8928171,1.0,0.0,1.0,0.0
424,AT76,BLR,27792415,27792505,27792441,463.8928171,1.0,0.0,1.0,0.0
425,AT76,BLR,27790975,27791065,27790986,463.8928171,1.0,0.0,1.0,0.0
426,AT76,BLR,27789535,27789625,27789545,463.8928171,1.0,0.0,1.0,0.0
427,AT76,BLR,27788095,27788185,27788111,463.8928171,1.0,0.0,1.0,0.0
428,AT76,BLR,27786655,27786745,27786662,463.8928171,1.0,0.0,1.0,0.0
429,AT76,BLR,27785215,27785305,27785220,463.8928171,1.0,0.0,1.0,0.0
430,AT76,BLR,27783775,27783865,27783793,463.8928171,1.0,0.0,1.0,0.0
431,AT76,BLR,27782335,27782425,27782358,463.8928171,1.0,0.0,1.0,0.0
432,AT76,BLR,27780895,27780985,27780902,463.8928171,1.0,0.0,1.0,0.0
433,AT76,BLR,27779455,27779545,27779470,463.8928171,1.0,0.0,1.0,0.0
434,AT76,BLR,27778015,27778105,27778028,463.8928171,1.0,0.0,1.0,0.0
435,AT76,BLR,27776575,27776665,27776580,463.8928171,1.0,0.0,1.0,0.0
436,AT76,BLR,27775135,27775225,27775124,463.8928171,1.0,0.0,1.0,0.0
437,AT76,BLR,27773695,27773785,27773697,463.8928171,1.0,0.0,1.0,0.0
438,AT76,BLR,27772255,27772345,27772275,463.8928171,1.0,0.0,1.0,0.0
439,AT76,BLR,27770815,27770905,27770820,463.8928171,1.0,0.0,1.0,0.0
440,AT76,BLR,27767935,27768025,27768194,463.8928171,1.0,0.0,1.0,0.0
441,AT76,BLR,27766495,27766585,27766518,463.8928171,1.0,0.0,1.0,0.0
442,AT76,BLR,27765055,27765145,27765064,463.8928171,1.0,0.0,1.0,0.0
443,AT76,BLR,27763615,27763705,27763640,463.8928171,1.0,0.0,1.0,0.0
444,AT76,BLR,27762175,27762265,27762194,463.8928171,1.0,0.0,1.0,0.0
445,AT76,BLR,27760735,27760825,27760745,463.8928171,1.0,0.0,1.0,0.0
446,AT76,BLR,27759295,27759385,27759304,463.8928171,1.0,0.0,1.0,0.0
447,AT76,BLR,27757855,27757945,27757861,463.8928171,1.0,0.0,1.0,0.0
448,AT76,BLR,27756415,27756505,27756438,463.8928171,1.0,0.0,1.0,0.0
449,AT76,BLR,27754975,27755065,27754984,463.8928171,1.0,0.0,1.0,0.0
450,AT76,BLR,27753535,27753625,27753534,463.8928171,1.0,0.0,1.0,0.0
451,AT76,BLR,27752095,27752185,27752059,463.8928171,1.0,0.0,1.0,0.0
452,AT76,BLR,27750655,27750745,27750772,463.8928171,1.0,0.0,1.0,0.0
453,AT76,BLR,27750655,27750745,27750765,463.8928171,1.0,0.0,1.0,0.0
454,AT76,BLR,27749215,27749305,27749224,463.8928171,1.0,0.0,1.0,0.0
455,AT76,BLR,27747775,27747865,27747788,463.8928171,1.0,0.0,1.0,0.0
456,AT76,BLR,27746335,27746425,27746490,463.8928171,1.0,0.0,1.0,0.0
457,AT76,BLR,27744895,27744985,27744906,463.8928171,1.0,0.0,1.0,0.0
458,AT76,BLR,27743455,27743545,27743657,463.8928171,1.0,0.0,1.0,0.0
459,AT76,BLR,27742015,27742105,27742007,463.8928171,1.0,0.0,1.0,0.0
460,AT76,BLR,27740575,27740665,27740569,463.8928171,1.0,0.0,1.0,0.0
461,AT76,BLR,27739135,27739225,27739149,463.8928171,1.0,0.0,1.0,0.0
462,AT76,BLR,27737695,27737785,27737707,463.8928171,1.0,0.0,1.0,0.0
463,AT76,BLR,27736255,27736345,27736403,463.8928171,1.0,0.0,1.0,0.0
464,AT76,BLR,27733375,27733465,27733378,463.8928171,1.0,0.0,1.0,0.0
465,AT76,BLR,27731935,27732025,27731941,463.8928171,1.0,0.0,1.0,0.0
466,AT76,BLR,27730495,27730585,27730495,463.8928171,1.0,0.0,1.0,0.0
467,AT76,BLR,27729055,27729145,27729049,463.8928171,1.0,0.0,1.0,0.0
468,AT76,BLR,27727615,27727705,27727617,463.8928171,1.0,0.0,1.0,0.0
469,AT76,BLR,27726175,27726265,27726196,463.8928171,1.0,0.0,1.0,0.0
470,AT76,BLR,27724735,27724825,27724740,463.8928171,1.0,0.0,1.0,0.0
471,AT76,BLR,27723295,27723385,27723311,463.8928171,1.0,0.0,1.0,0.0
472,AT76,BLR,27721855,27721945,27721866,463.8928171,1.0,0.0,1.0,0.0
473,AT76,BLR,27720415,27720505,27720465,463.8928171,1.0,0.0,1.0,0.0
474,AT76,BLR,27718975,27719065,27718981,463.8928171,1.0,0.0,1.0,0.0
475,AT76,BLR,27717535,27717625,27717551,463.8928171,1.0,0.0,1.0,0.0
476,AT76,BLR,27716095,27716185,27716110,463.8928171,1.0,0.0,1.0,0.0
477,AT76,BLR,27714655,27714745,27714678,463.8928171,1.0,0.0,1.0,0.0
478,AT76,BLR,27713215,27713305,27713215,463.8928171,1.0,0.0,1.0,0.0
479,AT76,BLR,27711775,27711865,27712034,463.8928171,1.0,0.0,1.0,0.0
480,AT76,BLR,27710335,27710425,27710338,463.8928171,1.0,0.0,1.0,0.0
481,AT76,BLR,27708895,27708985,27708887,463.8928171,1.0,0.0,1.0,0.0
482,AT76,BLR,27707455,27707545,27707468,463.8928171,1.0,0.0,1.0,0.0
483,AT76,BLR,27706015,27706105,27706036,463.8928171,1.0,0.0,1.0,0.0
484,AT76,BLR,27704575,27704665,27704577,463.8928171,1.0,0.0,1.0,0.0
485,AT76,BLR,27703135,27703225,27703139,463.8928171,1.0,0.0,1.0,0.0
486,AT76,BLR,27700255,27700345,27700256,463.8928171,1.0,0.0,1.0,0.0
487,AT76,BLR,27698815,27698905,27698820,463.8928171,1.0,0.0,1.0,0.0
488,AT76,BLR,27697375,27697465,27697388,463.8928171,1.0,0.0,1.0,0.0
489,AT76,BLR,27695935,27696025,27695944,463.8928171,1.0,0.0,1.0,0.0
490,AT76,BLR,27694495,27694585,27694472,463.8928171,1.0,0.0,1.0,0.0
491,AT76,BLR,27693055,27693145,27693048,463.8928171,1.0,0.0,1.0,0.0
492,AT76,BLR,27691615,27691705,27691625,463.8928171,1.0,0.0,1.0,0.0
493,AT76,BLR,27690175,27690265,27690178,463.8928171,1.0,0.0,1.0,0.0
494,AT76,BLR,27688735,27688825,27688950,463.8928171,1.0,0.0,1.0,0.0
495,AT76,BLR,27687295,27687385,27687301,463.8928171,1.0,0.0,1.0,0.0
496,AT76,BLR,27685855,27685945,27685869,463.8928171,1.0,0.0,1.0,0.0
497,AT76,BLR,27684415,27684505,27684425,463.8928171,1.0,0.0,1.0,0.0
498,AT76,BLR,27682975,27683065,27683011,463.8928171,1.0,0.0,1.0,0.0
499,AT76,BLR,27681535,27681625,27681554,463.8928171,1.0,0.0,1.0,0.0
500,AT76,BLR,27680095,27680185,27680101,463.8928171,1.0,0.0,1.0,0.0
501,AT76,BLR,27678655,27678745,27678652,463.8928171,1.0,0.0,1.0,0.0
502,AT76,BLR,27677215,27677305,27677309,463.8928171,1.0,0.0,1.0,0.0
503,AT76,BLR,27675775,27675865,27675780,463.8928171,1.0,0.0,1.0,0.0
504,AT76,BLR,27674335,27674425,27674341,463.8928171,1.0,0.0,1.0,0.0
505,AT76,BLR,27672895,27672985,27672920,463.8928171,1.0,0.0,1.0,0.0
506,AT76,BLR,27671455,27671545,27671467,463.8928171,1.0,0.0,1.0,0.0
507,AT76,BLR,27670015,27670105,27670019,463.8928171,1.0,0.0,1.0,0.0
508,AT76,BLR,27668575,27668665,27668580,463.8928171,1.0,0.0,1.0,0.0
509,AT76,BLR,27667135,27667225,27667158,463.8928171,1.0,0.0,1.0,0.0
510,AT76,BLR,27665695,27665785,27665709,463.8928171,1.0,0.0,1.0,0.0
511,AT76,BLR,27664255,27664345,27664257,463.8928171,1.0,0.0,1.0,0.0
512,AT76,BLR,27662815,27662905,27662809,463.8928171,1.0,0.0,1.0,0.0
513,AT76,BLR,27661375,27661465,27661390,463.8928171,1.0,0.0,1.0,0.0
514,AT76,BLR,27659935,27660025,27659952,463.8928171,1.0,0.0,1.0,0.0
515,AT76,BLR,27658495,27658585,27658496,463.8928171,1.0,0.0,1.0,0.0
516,AT76,BLR,27657055,27657145,27657070,463.8928171,1.0,0.0,1.0,0.0
517,AT76,BLR,27655615,27655705,27655647,463.8928171,1.0,0.0,1.0,0.0
518,AT76,BLR,27654175,27654265,27654173,463.8928171,1.0,0.0,1.0,0.0
519,AT76,BLR,27652735,27652825,27652744,463.8928171,1.0,0.0,1.0,0.0
520,AT76,BLR,27651295,27651385,27651304,463.8928171,1.0,0.0,1.0,0.0
521,AT76,BLR,27649855,27649945,27649854,463.8928171,1.0,0.0,1.0,0.0
522,AT76,BLR,27648415,27648505,27648427,463.8928171,1.0,0.0,1.0,0.0
523,AT76,BLR,27646975,27647065,27646979,463.8928171,1.0,0.0,1.0,0.0
524,AT76,BLR,27645535,27645625,27645547,463.8928171,1.0,0.0,1.0,0.0
525,AT76,BLR,27644095,27644185,27644093,463.8928171,1.0,0.0,1.0,0.0
526,AT76,BLR,27642655,27642745,27642661,463.8928171,1.0,0.0,1.0,0.0
527,AT76,BLR,27641215,27641305,27641389,463.8928171,1.0,0.0,1.0,0.0
528,AT76,BLR,27636895,27636985,27637155,463.8928171,1.0,0.0,1.0,0.0
529,AT76,BLR,27635455,27635545,27635479,463.8928171,1.0,0.0,1.0,0.0
530,AT76,BLR,27634015,27634105,27634015,463.8928171,1.0,0.0,1.0,0.0
531,AT76,BLR,27632575,27632665,27632575,463.8928171,1.0,0.0,1.0,0.0
532,AT76,BLR,27631135,27631225,27631136,463.8928171,1.0,0.0,1.0,0.0
533,AT76,BLR,27629695,27629785,27629703,463.8928171,1.0,0.0,1.0,0.0
534,AT76,BLR,27628255,27628345,27628339,463.8928171,1.0,0.0,1.0,0.0
535,AT76,BLR,27626815,27626905,27626816,463.8928171,1.0,0.0,1.0,0.0
536,AT76,BLR,27625375,27625465,27625392,463.8928171,1.0,0.0,1.0,0.0
537,AT76,BLR,27623935,27624025,27624205,463.8928171,1.0,0.0,1.0,0.0
538,AT76,BLR,27623935,27624025,27623935,463.8928171,1.0,0.0,1.0,0.0
539,AT76,BLR,27622495,27622585,27622511,463.8928171,1.0,0.0,1.0,0.0
540,AT76,BLR,27621055,27621145,27621062,463.8928171,1.0,0.0,1.0,0.0
541,AT76,BLR,27619615,27619705,27619624,463.8928171,1.0,0.0,1.0,0.0
542,AT76,BLR,27618175,27618265,27618169,463.8928171,1.0,0.0,1.0,0.0
543,AT76,BLR,27616735,27616825,27616742,463.8928171,1.0,0.0,1.0,0.0
544,AT76,BLR,27615295,27615385,27615382,463.8928171,1.0,0.0,1.0,0.0
545,AT76,BLR,27613855,27613945,27613854,463.8928171,1.0,0.0,1.0,0.0
546,AT76,BLR,27612415,27612505,27612431,463.8928171,1.0,0.0,1.0,0.0
547,AT76,BLR,27610975,27611065,27610973,463.8928171,1.0,0.0,1.0,0.0
548,AT76,BLR,27609535,27609625,27609531,463.8928171,1.0,0.0,1.0,0.0
549,AT76,BLR,27608095,27608185,27608103,463.8928171,1.0,0.0,1.0,0.0
550,AT76,BLR,27606655,27606745,27606692,463.8928171,1.0,0.0,1.0,0.0
551,AT76,BLR,27605215,27605305,27605229,463.8928171,1.0,0.0,1.0,0.0
552,AT76,BLR,27603775,27603865,27603782,463.8928171,1.0,0.0,1.0,0.0
553,AT76,BLR,27602335,27602425,27602595,463.8928171,1.0,0.0,1.0,0.0
554,AT76,BLR,27600895,27600985,27600932,463.8928171,1.0,0.0,1.0,0.0
555,AT76,BLR,27598015,27598105,27598040,463.8928171,1.0,0.0,1.0,0.0
556,AT76,BLR,27596575,27596665,27596823,463.8928171,1.0,0.0,1.0,0.0
557,AT76,BLR,27593695,27593785,27593702,463.8928171,1.0,0.0,1.0,0.0
558,AT76,BLR,27592255,27592345,27592249,463.8928171,1.0,0.0,1.0,0.0
559,AT76,BLR,27590815,27590905,27590846,463.8928171,1.0,0.0,1.0,0.0
560,AT76,BLR,27589375,27589465,27589377,463.8928171,1.0,0.0,1.0,0.0
561,AT76,BLR,27587935,27588025,27588062,463.8928171,1.0,0.0,1.0,0.0
562,AT76,BLR,27586495,27586585,27586526,463.8928171,1.0,0.0,1.0,0.0
563,AT76,BLR,27585055,27585145,27585239,463.8928171,1.0,0.0,1.0,0.0
564,AT76,BLR,27583615,27583705,27583595,463.8928171,1.0,0.0,1.0,0.0
565,AT76,BLR,27582175,27582265,27582173,463.8928171,1.0,0.0,1.0,0.0
566,AT76,BLR,27580735,27580825,27580734,463.8928171,1.0,0.0,1.0,0.0
567,AT76,BLR,27579295,27579385,27579303,463.8928171,1.0,0.0,1.0,0.0
568,AT76,BLR,27577855,27577945,27577868,463.8928171,1.0,0.0,1.0,0.0
569,AT76,BLR,27576415,27576505,27576691,463.8928171,1.0,0.0,1.0,0.0
570,AT76,BLR,27574975,27575065,27574987,463.8928171,1.0,0.0,1.0,0.0
571,AT76,BLR,27573535,27573625,27573540,463.8928171,1.0,0.0,1.0,0.0
572,AT76,BLR,27572095,27572185,27572099,463.8928171,1.0,0.0,1.0,0.0
573,AT76,BLR,27570655,27570745,27570660,463.8928171,1.0,0.0,1.0,0.0
574,AT76,BLR,27569215,27569305,27569303,463.8928171,1.0,0.0,1.0,0.0
575,AT76,BLR,27567775,27567865,27567779,463.8928171,1.0,0.0,1.0,0.0
576,AT76,BLR,27566335,27566425,27566340,463.8928171,1.0,0.0,1.0,0.0
577,AT76,BLR,27564895,27564985,27564926,463.8928171,1.0,0.0,1.0,0.0
578,AT76,BLR,27563455,27563545,27563470,463.8928171,1.0,0.0,1.0,0.0
579,AT76,BLR,27562015,27562105,27562027,463.8928171,1.0,0.0,1.0,0.0
580,AT76,BLR,27560575,27560665,27560581,463.8928171,1.0,0.0,1.0,0.0
581,AT76,BLR,27559135,27559225,27559137,463.8928171,1.0,0.0,1.0,0.0
582,AT76,BLR,27557695,27557785,27557696,463.8928171,1.0,0.0,1.0,0.0
583,AT76,BLR,27556255,27556345,27556272,463.8928171,1.0,0.0,1.0,0.0
584,AT76,BLR,27554815,27554905,27554847,463.8928171,1.0,0.0,1.0,0.0
585,AT76,BLR,27553375,27553465,27553385,463.8928171,1.0,0.0,1.0,0.0
586,AT76,BLR,27551935,27552025,27551954,463.8928171,1.0,0.0,1.0,0.0
587,AT76,BLR,27550495,27550585,27550515,463.8928171,1.0,0.0,1.0,0.0
588,AT76,BLR,27549055,27549145,27549079,463.8928171,1.0,0.0,1.0,0.0
589,AT76,BLR,27547615,27547705,27547676,463.8928171,1.0,0.0,1.0,0.0
590,AT76,BLR,27546175,27546265,27546187,463.8928171,1.0,0.0,1.0,0.0
591,AT76,BLR,27544735,27544825,27544746,463.8928171,1.0,0.0,1.0,0.0
592,AT76,BLR,27543295,27543385,27543302,463.8928171,1.0,0.0,1.0,0.0
593,AT76,BLR,27541855,27541945,27541855,463.8928171,1.0,0.0,1.0,0.0
594,AT76,BLR,27540415,27540505,27540440,463.8928171,1.0,0.0,1.0,0.0
595,AT76,BLR,27538975,27539065,27538980,463.8928171,1.0,0.0,1.0,0.0
596,AT76,BLR,27537535,27537625,27537559,463.8928171,1.0,0.0,1.0,0.0
597,AT76,BLR,27536095,27536185,27536137,463.8928171,1.0,0.0,1.0,0.0
598,AT76,BLR,27534655,27534745,27534692,463.8928171,1.0,0.0,1.0,0.0
599,AT76,BLR,27533215,27533305,27533215,463.8928171,1.0,0.0,1.0,0.0
600,AT76,BLR,27531775,27531865,27531789,463.8928171,1.0,0.0,1.0,0.0
601,AT76,BLR,27530335,27530425,27530343,463.8928171,1.0,0.0,1.0,0.0
602,AT76,BLR,27528895,27528985,27528906,463.8928171,1.0,0.0,1.0,0.0
603,AT76,BLR,27527455,27527545,27527465,463.8928171,1.0,0.0,1.0,0.0
604,AT76,BLR,27526015,27526105,27526027,463.8928171,1.0,0.0,1.0,0.0
605,AT76,BLR,27524575,27524665,27524587,463.8928171,1.0,0.0,1.0,0.0
606,AT76,BLR,27523135,27523225,27523164,463.8928171,1.0,0.0,1.0,0.0
607,AT76,BLR,27521695,27521785,27521704,463.8928171,1.0,0.0,1.0,0.0
608,AT76,BLR,27520255,27520345,27520257,463.8928171,1.0,0.0,1.0,0.0
609,AT76,BLR,27518815,27518905,27518824,463.8928171,1.0,0.0,1.0,0.0
610,AT76,BLR,27517375,27517465,27517385,463.8928171,1.0,0.0,1.0,0.0
611,AT76,BLR,27515935,27516025,27515951,463.8928171,1.0,0.0,1.0,0.0
612,AT76,BLR,27514495,27514585,27514520,463.8928171,1.0,0.0,1.0,0.0
613,AT76,BLR,27513055,27513145,27513060,463.8928171,1.0,0.0,1.0,0.0
614,AT76,BLR,27511615,27511705,27511621,463.8928171,1.0,0.0,1.0,0.0
615,AT76,BLR,27510175,27510265,27510187,463.8928171,1.0,0.0,1.0,0.0
616,AT76,BLR,27508735,27508825,27508750,463.8928171,1.0,0.0,1.0,0.0
617,AT76,BLR,27507295,27507385,27507536,463.8928171,1.0,0.0,1.0,0.0
618,AT76,BLR,27505855,27505945,27505874,463.8928171,1.0,0.0,1.0,0.0
619,AT76,BLR,27504590,27504680,27504656,463.8928171,1.0,0.0,1.0,0.0
620,AT76,BLR,27502975,27503065,27502998,463.8928171,1.0,0.0,1.0,0.0
621,AT76,BLR,27501535,27501625,27501535,463.8928171,1.0,0.0,1.0,0.0
622,AT76,BLR,27500095,27500185,27500120,463.8928171,1.0,0.0,1.0,0.0
623,AT76,BLR,27498655,27498745,27498658,463.8928171,1.0,0.0,1.0,0.0
624,AT76,BLR,27497215,27497305,27497241,463.8928171,1.0,0.0,1.0,0.0
625,AT76,BLR,27495775,27495865,27495775,463.8928171,1.0,0.0,1.0,0.0
626,AT76,BLR,27494335,27494425,27494346,463.8928171,1.0,0.0,1.0,0.0
627,AT76,BLR,27492895,27492985,27492974,463.8928171,1.0,0.0,1.0,0.0
628,AT76,BLR,27491455,27491545,27491450,463.8928171,1.0,0.0,1.0,0.0
629,AT76,BLR,27490015,27490105,27490021,463.8928171,1.0,0.0,1.0,0.0
630,AT76,BLR,27487190,27487280,27487243,463.8928171,1.0,0.0,1.0,0.0
631,AT76,BLR,27485695,27485785,27485692,463.8928171,1.0,0.0,1.0,0.0
632,AT76,BLR,27484305,27484395,27484406,463.8928171,1.0,0.0,1.0,0.0
633,AT76,BLR,27482815,27482905,27482837,463.8928171,1.0,0.0,1.0,0.0
634,AT76,BLR,27481375,27481465,27481382,463.8928171,1.0,0.0,1.0,0.0
635,AT76,BLR,27480050,27480140,27480074,463.8928171,1.0,0.0,1.0,0.0
636,AT76,BLR,27477055,27477145,27477069,463.8928171,1.0,0.0,1.0,0.0
637,AT76,BLR,27475615,27475705,27475612,463.8928171,1.0,0.0,1.0,0.0
638,AT76,BLR,27474175,27474265,27474195,463.8928171,1.0,0.0,1.0,0.0
639,AT76,BLR,27472735,27472825,27472740,463.8928171,1.0,0.0,1.0,0.0
640,AT76,BLR,27471290,27471380,27471292,463.8928171,1.0,0.0,1.0,0.0
641,AT76,BLR,27469850,27469940,27469859,463.8928171,1.0,0.0,1.0,0.0
642,AT76,BLR,27468410,27468500,27468416,463.8928171,1.0,0.0,1.0,0.0
643,AT76,BLR,27466970,27467060,27466976,463.8928171,1.0,0.0,1.0,0.0
644,AT76,BLR,27465530,27465620,27465532,463.8928171,1.0,0.0,1.0,0.0
645,AT76,BLR,27464090,27464180,27464091,463.8928171,1.0,0.0,1.0,0.0
646,AT76,BLR,27462650,27462740,27462659,463.8928171,1.0,0.0,1.0,0.0
647,AT76,BLR,27461210,27461300,27461217,463.8928171,1.0,0.0,1.0,0.0
648,AT76,BLR,27459770,27459860,27459767,463.8928171,1.0,0.0,1.0,0.0
649,AT76,BLR,27458405,27458495,27458413,463.8928171,1.0,0.0,1.0,0.0
650,AT76,BLR,27456890,27456980,27456908,463.8928171,1.0,0.0,1.0,0.0
651,AT76,BLR,27455450,27455540,27455487,463.8928171,1.0,0.0,1.0,0.0
652,AT76,BLR,27454010,27454100,27454030,463.8928171,1.0,0.0,1.0,0.0
653,AT76,BLR,27452745,27452835,27452830,463.8928171,1.0,0.0,1.0,0.0
654,AT76,BLR,27451130,27451220,27451145,463.8928171,1.0,0.0,1.0,0.0
655,AT76,BLR,27449690,27449780,27449711,463.8928171,1.0,0.0,1.0,0.0
656,AT76,BLR,27448250,27448340,27448265,463.8928171,1.0,0.0,1.0,0.0
657,AT76,BLR,27446810,27446900,27446822,463.8928171,1.0,0.0,1.0,0.0
658,AT76,BLR,27445370,27445460,27445450,463.8928171,1.0,0.0,1.0,0.0
659,AT76,BLR,27443930,27444020,27443955,463.8928171,1.0,0.0,1.0,0.0
660,AT76,BLR,27442490,27442580,27442506,463.8928171,1.0,0.0,1.0,0.0
661,AT76,BLR,27441050,27441140,27441057,463.8928171,1.0,0.0,1.0,0.0
662,AT76,BLR,27439610,27439700,27439615,463.8928171,1.0,0.0,1.0,0.0
663,AT76,BLR,27438305,27438385,27438393,463.8928171,1.0,0.0,1.0,0.0
664,AT76,BLR,27436730,27436820,27436732,463.8928171,1.0,0.0,1.0,0.0
665,AT76,BLR,27435290,27435380,27435295,463.8928171,1.0,0.0,1.0,0.0
666,AT76,BLR,27433850,27433940,27433860,463.8928171,1.0,0.0,1.0,0.0
667,AT76,BLR,27432410,27432500,27432411,463.8928171,1.0,0.0,1.0,0.0
668,AT76,BLR,27430970,27431060,27430960,463.8928171,1.0,0.0,1.0,0.0
669,AT76,BLR,27429530,27429620,27429535,463.8928171,1.0,0.0,1.0,0.0
670,AT76,BLR,27428090,27428180,27428109,463.8928171,1.0,0.0,1.0,0.0
671,AT76,BLR,27426650,27426740,27426666,463.8928171,1.0,0.0,1.0,0.0
672,AT76,BLR,27425210,27425300,27425220,463.8928171,1.0,0.0,1.0,0.0
673,AT76,BLR,27423770,27423860,27423781,463.8928171,1.0,0.0,1.0,0.0
674,AT76,BLR,27422330,27422420,27422345,463.8928171,1.0,0.0,1.0,0.0
675,AT76,BLR,27420890,27420980,27420931,463.8928171,1.0,0.0,1.0,0.0
676,AT76,BLR,27419450,27419540,27419458,463.8928171,1.0,0.0,1.0,0.0
677,AT76,BLR,27418010,27418100,27418028,463.8928171,1.0,0.0,1.0,0.0
678,AT76,BLR,27416570,27416660,27416571,463.8928171,1.0,0.0,1.0,0.0
679,AT76,BLR,27415130,27415220,27415128,463.8928171,1.0,0.0,1.0,0.0
680,AT76,BLR,27413690,27413780,27413697,463.8928171,1.0,0.0,1.0,0.0
681,AT76,BLR,27412250,27412340,27412263,463.8928171,1.0,0.0,1.0,0.0
682,AT76,BLR,27410810,27410900,27410829,463.8928171,1.0,0.0,1.0,0.0
683,AT76,BLR,27409370,27409460,27409389,463.8928171,1.0,0.0,1.0,0.0
684,AT76,BLR,27407930,27408020,27407958,463.8928171,1.0,0.0,1.0,0.0
685,AT76,BLR,27406560,27406655,27406594,463.8928171,1.0,0.0,1.0,0.0
686,AT76,BLR,27405050,27405140,27405062,463.8928171,1.0,0.0,1.0,0.0
687,AT76,BLR,27403610,27403700,27403627,463.8928171,1.0,0.0,1.0,0.0
688,AT76,BLR,27402170,27402260,27402188,463.8928171,1.0,0.0,1.0,0.0
689,AT76,BLR,27400730,27400820,27400753,463.8928171,1.0,0.0,1.0,0.0
690,AT76,BLR,27399290,27399380,27399294,463.8928171,1.0,0.0,1.0,0.0
691,AT76,BLR,27397850,27397940,27397851,463.8928171,1.0,0.0,1.0,0.0
692,AT76,BLR,27396410,27396500,27396404,463.8928171,1.0,0.0,1.0,0.0
693,AT76,BLR,27394970,27395060,27394975,463.8928171,1.0,0.0,1.0,0.0
694,AT76,BLR,27393600,27393690,27393604,463.8928171,1.0,0.0,1.0,0.0
695,AT76,BLR,27392090,27392180,27392099,463.8928171,1.0,0.0,1.0,0.0
696,AT76,BLR,27390595,27390685,27390599,463.8928171,1.0,0.0,1.0,0.0
697,E145,TIR,27913345,27913410,27913440,493.3062442,0.0,1.0,0.0,1.0
698,E145,TIR,27906168,27906224,27906168,493.3062442,0.0,1.0,0.0,1.0
699,E145,TIR,27900385,27900450,27900388,493.3062442,0.0,1.0,0.0,1.0
700,E145,TIR,27897505,27897570,27897540,493.3062442,0.0,1.0,0.0,1.0
701,E145,TIR,27890305,27890370,27890324,493.3062442,0.0,1.0,0.0,1.0
702,E145,TIR,27880225,27880290,27880245,493.3062442,0.0,1.0,0.0,1.0
703,E145,TIR,27877345,27877410,27877390,493.3062442,0.0,1.0,0.0,1.0
704,E145,TIR,27875902,27875955,27875902,493.3062442,0.0,1.0,0.0,1.0
705,E145,TIR,27870145,27870210,27870156,493.3062442,0.0,1.0,0.0,1.0
706,E145,TIR,27867265,27867330,27867264,493.3062442,0.0,1.0,0.0,1.0
707,E145,TIR,27862945,27863010,27862956,493.3062442,0.0,1.0,0.0,1.0
708,E145,TIR,27849985,27850050,27850063,493.3062442,0.0,1.0,0.0,1.0
709,E145,TIR,27847105,27847170,27847129,493.3062442,0.0,1.0,0.0,1.0
710,E145,TIR,27837025,27837090,27837026,493.3062442,0.0,1.0,0.0,1.0
711,E145,TIR,27829825,27829890,27829908,493.3062442,0.0,1.0,0.0,1.0
712,E145,TIR,27819745,27819810,27819760,493.3062442,0.0,1.0,0.0,1.0
713,E145,TIR,27816865,27816930,27816867,493.3062442,0.0,1.0,0.0,1.0
714,E145,TIR,27809665,27809730,27809666,493.3062442,0.0,1.0,0.0,1.0
715,E145,TIR,27806785,27806850,27806794,493.3062442,0.0,1.0,0.0,1.0
716,E145,TIR,27799649,27799646,27799588,493.3062442,0.0,1.0,0.0,1.0
717,E145,TIR,27796767,27796764,27796714,493.3062442,0.0,1.0,0.0,1.0
718,E145,TIR,27795335,27795332,27795279,493.3062442,0.0,1.0,0.0,1.0
719,E145,TIR,27792448,27792445,27792386,493.3062442,0.0,1.0,0.0,1.0
720,E145,TIR,27789571,27789568,27789510,493.3062442,0.0,1.0,0.0,1.0
721,E145,TIR,27786684,27786681,27786624,493.3062442,0.0,1.0,0.0,1.0
722,E145,TIR,27785297,27785294,27785236,493.3062442,0.0,1.0,0.0,1.0
723,E145,TIR,27769345,27769410,27769351,493.3062442,0.0,1.0,0.0,1.0
724,E145,TIR,27759265,27759330,27759276,493.3062442,0.0,1.0,0.0,1.0
725,E145,TIR,27756385,27756450,27756480,493.3062442,0.0,1.0,0.0,1.0
726,E145,TIR,27739105,27739170,27739109,493.3062442,0.0,1.0,0.0,1.0
727,E145,TIR,27729025,27729090,27729031,493.3062442,0.0,1.0,0.0,1.0
728,E145,TIR,27726145,27726210,27726135,493.3062442,0.0,1.0,0.0,1.0
729,E145,TIR,27718945,27719010,27718956,493.3062442,0.0,1.0,0.0,1.0
730,E145,TIR,27716065,27716130,27716064,493.3062442,0.0,1.0,0.0,1.0
731,E145,TIR,27708865,27708930,27708845,493.3062442,0.0,1.0,0.0,1.0
732,E145,TIR,27705985,27706050,27705970,493.3062442,0.0,1.0,0.0,1.0
733,E145,TIR,27698785,27698850,27698777,493.3062442,0.0,1.0,0.0,1.0
734,E145,TIR,27695905,27695970,27695907,493.3062442,0.0,1.0,0.0,1.0
735,E145,TIR,27688705,27688770,27688706,493.3062442,0.0,1.0,0.0,1.0
736,E145,TIR,27685825,27685890,27685825,493.3062442,0.0,1.0,0.0,1.0
737,E145,TIR,27678625,27678690,27678711,493.3062442,0.0,1.0,0.0,1.0
738,E145,TIR,27675745,27675810,27675736,493.3062442,0.0,1.0,0.0,1.0
739,E145,TIR,27674359,27674356,27674304,493.3062442,0.0,1.0,0.0,1.0
740,E145,TIR,27670104,27670101,27670043,493.3062442,0.0,1.0,0.0,1.0
741,E145,TIR,27665665,27665730,27665665,493.3062442,0.0,1.0,0.0,1.0
742,E145,TIR,27658465,27658530,27658454,493.3062442,0.0,1.0,0.0,1.0
743,E145,TIR,27655585,27655650,27655587,493.3062442,0.0,1.0,0.0,1.0
744,E145,TIR,27648385,27648450,27648385,493.3062442,0.0,1.0,0.0,1.0
745,E145,TIR,27645505,27645570,27645509,493.3062442,0.0,1.0,0.0,1.0
746,E145,TIR,27638351,27638349,27638294,493.3062442,0.0,1.0,0.0,1.0
747,E145,TIR,27635484,27635481,27635425,493.3062442,0.0,1.0,0.0,1.0
748,E145,TIR,27628277,27628274,27628214,493.3062442,0.0,1.0,0.0,1.0
749,E145,TIR,27625452,27625449,27625391,493.3062442,0.0,1.0,0.0,1.0
750,E145,TIR,27618207,27618205,27618148,493.3062442,0.0,1.0,0.0,1.0
751,E145,TIR,27615320,27615318,27615263,493.3062442,0.0,1.0,0.0,1.0
752,E145,TIR,27608141,27608138,27608082,493.3062442,0.0,1.0,0.0,1.0
753,E145,TIR,27598165,27598225,27598087,493.3062442,0.0,1.0,0.0,1.0
754,E145,TIR,27595168,27595166,27595113,493.3062442,0.0,1.0,0.0,1.0
755,E145,TIR,27587950,27587948,27587896,493.3062442,0.0,1.0,0.0,1.0
756,E145,TIR,27580885,27580945,27580907,493.3062442,0.0,1.0,0.0,1.0
757,E145,TIR,27578005,27578065,27578001,493.3062442,0.0,1.0,0.0,1.0
758,E145,TIR,27575125,27575185,27575142,493.3062442,0.0,1.0,0.0,1.0
759,E145,TIR,27573685,27573745,27573723,493.3062442,0.0,1.0,0.0,1.0
760,E145,TIR,27570805,27570865,27570806,493.3062442,0.0,1.0,0.0,1.0
761,E145,TIR,27565045,27565105,27565038,493.3062442,0.0,1.0,0.0,1.0
762,E145,TIR,27560725,27560785,27560880,493.3062442,0.0,1.0,0.0,1.0
763,E145,TIR,27557845,27557905,27557903,493.3062442,0.0,1.0,0.0,1.0
764,E145,TIR,27554965,27555025,27554984,493.3062442,0.0,1.0,0.0,1.0
765,E145,TIR,27553525,27553585,27553589,493.3062442,0.0,1.0,0.0,1.0
766,E145,TIR,27550645,27550705,27550664,493.3062442,0.0,1.0,0.0,1.0
767,E145,TIR,27547765,27547825,27547791,493.3062442,0.0,1.0,0.0,1.0
768,E145,TIR,27544885,27544945,27544918,493.3062442,0.0,1.0,0.0,1.0
769,E145,TIR,27543445,27543505,27543467,493.3062442,0.0,1.0,0.0,1.0
770,E145,TIR,27540565,27540625,27540567,493.3062442,0.0,1.0,0.0,1.0
771,E145,TIR,27537685,27537745,27537695,493.3062442,0.0,1.0,0.0,1.0
772,E145,TIR,27534805,27534865,27534825,493.3062442,0.0,1.0,0.0,1.0
773,E145,TIR,27533365,27533425,27533367,493.3062442,0.0,1.0,0.0,1.0
774,E145,TIR,27530485,27530545,27530534,493.3062442,0.0,1.0,0.0,1.0
775,E145,TIR,27527605,27527665,27527778,493.3062442,0.0,1.0,0.0,1.0
776,E145,TIR,27524725,27524785,27524748,493.3062442,0.0,1.0,0.0,1.0
777,E145,TIR,27523285,27523345,27523275,493.3062442,0.0,1.0,0.0,1.0
778,E145,TIR,27520405,27520465,27520428,493.3062442,0.0,1.0,0.0,1.0
779,E145,TIR,27517525,27517585,27517536,493.3062442,0.0,1.0,0.0,1.0
780,E145,TIR,27514645,27514705,27514632,493.3062442,0.0,1.0,0.0,1.0
781,E145,TIR,27513205,27513265,27513257,493.3062442,0.0,1.0,0.0,1.0
782,E145,TIR,27510325,27510385,27510358,493.3062442,0.0,1.0,0.0,1.0
783,E145,TIR,27507445,27507505,27507448,493.3062442,0.0,1.0,0.0,1.0
784,E145,TIR,27504565,27504625,27504554,493.3062442,0.0,1.0,0.0,1.0
785,E145,TIR,27503125,27503185,27503107,493.3062442,0.0,1.0,0.0,1.0
786,E145,TIR,27500245,27500305,27500277,493.3062442,0.0,1.0,0.0,1.0
787,E145,TIR,27497365,27497425,27497374,493.3062442,0.0,1.0,0.0,1.0
788,E145,TIR,27494485,27494545,27494503,493.3062442,0.0,1.0,0.0,1.0
789,E145,TIR,27493045,27493105,27493045,493.3062442,0.0,1.0,0.0,1.0
790,E145,TIR,27490165,27490225,27490154,493.3062442,0.0,1.0,0.0,1.0
791,E145,TIR,27484405,27484465,27484401,493.3062442,0.0,1.0,0.0,1.0
792,E145,TIR,27482965,27483025,27482960,493.3062442,0.0,1.0,0.0,1.0
793,E145,TIR,27480085,27480145,27480086,493.3062442,0.0,1.0,0.0,1.0
794,E145,TIR,27477293,27477290,27477234,493.3062442,0.0,1.0,0.0,1.0
795,E145,TIR,27474396,27474393,27474339,493.3062442,0.0,1.0,0.0,1.0
796,E145,TIR,27472885,27472945,27472867,493.3062442,0.0,1.0,0.0,1.0
797,E145,TIR,27470005,27470065,27470000,493.3062442,0.0,1.0,0.0,1.0
798,E145,TIR,27467222,27468659,27467161,493.3062442,0.0,1.0,0.0,1.0
799,E145,TIR,27464330,27464328,27464268,493.3062442,0.0,1.0,0.0,1.0
800,E145,TIR,27462805,27462865,27462808,493.3062442,0.0,1.0,0.0,1.0
801,E145,TIR,27459925,27459985,27459920,493.3062442,0.0,1.0,0.0,1.0
802,E145,TIR,27457132,27457129,27457071,493.3062442,0.0,1.0,0.0,1.0
803,E145,TIR,27454243,27454240,27454185,493.3062442,0.0,1.0,0.0,1.0
804,E145,TIR,27452725,27452785,27452709,493.3062442,0.0,1.0,0.0,1.0
805,E145,TIR,27449845,27449905,27449820,493.3062442,0.0,1.0,0.0,1.0
806,E145,TIR,27447041,27447038,27446986,493.3062442,0.0,1.0,0.0,1.0
807,E145,TIR,27444159,27444156,27444100,493.3062442,0.0,1.0,0.0,1.0
808,E145,TIR,27442645,27442705,27442652,493.3062442,0.0,1.0,0.0,1.0
809,E145,TIR,27439765,27439825,27439891,493.3062442,0.0,1.0,0.0,1.0
810,E145,TIR,27436937,27436934,27436882,493.3062442,0.0,1.0,0.0,1.0
811,E145,TIR,27434105,27434102,27434047,493.3062442,0.0,1.0,0.0,1.0
812,E145,TIR,27432565,27432625,27432604,493.3062442,0.0,1.0,0.0,1.0
813,E145,TIR,27426845,27426842,27426789,493.3062442,0.0,1.0,0.0,1.0
814,E145,TIR,27423989,27423986,27423929,493.3062442,0.0,1.0,0.0,1.0
815,E145,TIR,27422485,27422545,27422478,493.3062442,0.0,1.0,0.0,1.0
816,E145,TIR,27416715,27416713,27416661,493.3062442,0.0,1.0,0.0,1.0
817,E145,TIR,27413906,27413903,27413852,493.3062442,0.0,1.0,0.0,1.0
818,E145,TIR,27412405,27412465,27412418,493.3062442,0.0,1.0,0.0,1.0
819,E145,TIR,27409525,27409585,27409528,493.3062442,0.0,1.0,0.0,1.0
820,E145,TIR,27406696,27406693,27406641,493.3062442,0.0,1.0,0.0,1.0
821,E145,TIR,27403805,27403802,27403751,493.3062442,0.0,1.0,0.0,1.0
822,E145,TIR,27402325,27402385,27402339,493.3062442,0.0,1.0,0.0,1.0
823,E145,TIR,27399445,27399505,27399434,493.3062442,0.0,1.0,0.0,1.0
824,E145,TIR,27396629,27396626,27396575,493.3062442,0.0,1.0,0.0,1.0
825,E145,TIR,27393758,27393755,27393697,493.3062442,0.0,1.0,0.0,1.0
826,E145,TIR,27392245,27392305,27392276,493.3062442,0.0,1.0,0.0,1.0
