,AIRCRAFT,DESTINATION,STD_MIN,STA_MIN,ATD_MIN,Distance_km,0,1,2,3
0,E145,TIR,27913250.0,27913320.0,27913333.0,493.3062442177465,0.0,1.0,0.0,1.0
1,E145,TIR,27906064.0,27906122.0,27906064.0,493.3062442177465,0.0,1.0,0.0,1.0
2,E145,TIR,27900290.0,27900360.0,27900289.0,493.3062442177465,0.0,1.0,0.0,1.0
3,E145,TIR,27897410.0,27897480.0,27897444.0,493.3062442177465,0.0,1.0,0.0,1.0
4,E145,TIR,27890210.0,27890280.0,27890238.0,493.3062442177465,0.0,1.0,0.0,1.0
5,E145,TIR,27880130.0,27880200.0,27880147.0,493.3062442177465,0.0,1.0,0.0,1.0
6,E145,TIR,27877250.0,27877320.0,27877282.0,493.3062442177465,0.0,1.0,0.0,1.0
7,E145,TIR,27875815.0,27875867.0,27875815.0,493.3062442177465,0.0,1.0,0.0,1.0
8,E145,TIR,27870050.0,27870120.0,27870051.0,493.3062442177465,0.0,1.0,0.0,1.0
9,E145,TIR,27867170.0,27867240.0,27867180.0,493.3062442177465,0.0,1.0,0.0,1.0
10,E145,TIR,27849890.0,27849960.0,27849976.0,493.3062442177465,0.0,1.0,0.0,1.0
11,E145,TIR,27847010.0,27847080.0,27847020.0,493.3062442177465,0.0,1.0,0.0,1.0
12,E145,TIR,27836930.0,27837000.0,27836935.0,493.3062442177465,0.0,1.0,0.0,1.0
13,E145,TIR,27829730.0,27829800.0,27829803.0,493.3062442177465,0.0,1.0,0.0,1.0
14,E145,TIR,27819650.0,27819720.0,27819652.0,493.3062442177465,0.0,1.0,0.0,1.0
15,E145,TIR,27816770.0,27816840.0,27816777.0,493.3062442177465,0.0,1.0,0.0,1.0
16,E145,TIR,27809570.0,27809640.0,27809574.0,493.3062442177465,0.0,1.0,0.0,1.0
17,E145,TIR,27806690.0,27806760.0,27806702.0,493.3062442177465,0.0,1.0,0.0,1.0
18,E145,TIR,27799490.0,27799560.0,27799497.0,493.3062442177465,0.0,1.0,0.0,1.0
19,E145,TIR,27796610.0,27796680.0,27796614.0,493.3062442177465,0.0,1.0,0.0,1.0
20,E145,TIR,27795170.0,27795240.0,27795184.0,493.3062442177465,0.0,1.0,0.0,1.0
21,E145,TIR,27792290.0,27792360.0,27792282.0,493.3062442177465,0.0,1.0,0.0,1.0
22,E145,TIR,27789410.0,27789480.0,27789407.0,493.3062442177465,0.0,1.0,0.0,1.0
23,E145,TIR,27786530.0,27786600.0,27786532.0,493.3062442177465,0.0,1.0,0.0,1.0
24,E145,TIR,27785090.0,27785160.0,27785139.0,493.3062442177465,0.0,1.0,0.0,1.0
25,E145,TIR,27769250.0,27769320.0,27769251.0,493.3062442177465,0.0,1.0,0.0,1.0
26,E145,TIR,27759170.0,27759240.0,27759163.0,493.3062442177465,0.0,1.0,0.0,1.0
27,E145,TIR,27756290.0,27756360.0,27756384.0,493.3062442177465,0.0,1.0,0.0,1.0
28,E145,TIR,27739010.0,27739080.0,27739008.0,493.3062442177465,0.0,1.0,0.0,1.0
29,E145,TIR,27728930.0,27729000.0,27728930.0,493.3062442177465,0.0,1.0,0.0,1.0
30,E145,TIR,27726050.0,27726120.0,27726035.0,493.3062442177465,0.0,1.0,0.0,1.0
31,E145,TIR,27718850.0,27718920.0,27718858.0,493.3062442177465,0.0,1.0,0.0,1.0
32,E145,TIR,27715970.0,27716040.0,27715968.0,493.3062442177465,0.0,1.0,0.0,1.0
33,E145,TIR,27708770.0,27708840.0,27708754.0,493.3062442177465,0.0,1.0,0.0,1.0
34,E145,TIR,27705890.0,27705960.0,27705888.0,493.3062442177465,0.0,1.0,0.0,1.0
35,E145,TIR,27698690.0,27698760.0,27698675.0,493.3062442177465,0.0,1.0,0.0,1.0
36,E145,TIR,27695810.0,27695880.0,27695808.0,493.3062442177465,0.0,1.0,0.0,1.0
37,E145,TIR,27688610.0,27688680.0,27688612.0,493.3062442177465,0.0,1.0,0.0,1.0
38,E145,TIR,27685730.0,27685800.0,27685724.0,493.3062442177465,0.0,1.0,0.0,1.0
39,E145,TIR,27678530.0,27678600.0,27678612.0,493.3062442177465,0.0,1.0,0.0,1.0
40,E145,TIR,27675650.0,27675720.0,27675644.0,493.3062442177465,0.0,1.0,0.0,1.0
41,E145,TIR,27674210.0,27674280.0,27674217.0,493.3062442177465,0.0,1.0,0.0,1.0
42,E145,TIR,27670017.0,27670013.0,27669964.0,493.3062442177465,0.0,1.0,0.0,1.0
43,E145,TIR,27665570.0,27665640.0,27665573.0,493.3062442177465,0.0,1.0,0.0,1.0
44,E145,TIR,27658370.0,27658440.0,27658360.0,493.3062442177465,0.0,1.0,0.0,1.0
45,E145,TIR,27655490.0,27655560.0,27655484.0,493.3062442177465,0.0,1.0,0.0,1.0
46,E145,TIR,27648290.0,27648360.0,27648281.0,493.3062442177465,0.0,1.0,0.0,1.0
47,E145,TIR,27645410.0,27645480.0,27645417.0,493.3062442177465,0.0,1.0,0.0,1.0
48,E145,TIR,27638210.0,27638280.0,27638209.0,493.3062442177465,0.0,1.0,0.0,1.0
49,E145,TIR,27635330.0,27635400.0,27635332.0,493.3062442177465,0.0,1.0,0.0,1.0
50,E145,TIR,27628130.0,27628200.0,27628123.0,493.3062442177465,0.0,1.0,0.0,1.0
51,E145,TIR,27625250.0,27625320.0,27625294.0,493.3062442177465,0.0,1.0,0.0,1.0
52,E145,TIR,27618050.0,27618120.0,27618036.0,493.3062442177465,0.0,1.0,0.0,1.0
53,E145,TIR,27615170.0,27615240.0,27615176.0,493.3062442177465,0.0,1.0,0.0,1.0
54,E145,TIR,27607970.0,27608040.0,27607975.0,493.3062442177465,0.0,1.0,0.0,1.0
55,E145,TIR,27597890.0,27597960.0,27597994.0,493.3062442177465,0.0,1.0,0.0,1.0
56,E145,TIR,27595010.0,27595080.0,27595023.0,493.3062442177465,0.0,1.0,0.0,1.0
57,E145,TIR,27587810.0,27587880.0,27587813.0,493.3062442177465,0.0,1.0,0.0,1.0
58,E145,TIR,27580610.0,27580680.0,27580601.0,493.3062442177465,0.0,1.0,0.0,1.0
59,E145,TIR,27577730.0,27577800.0,27577728.0,493.3062442177465,0.0,1.0,0.0,1.0
60,E145,TIR,27574850.0,27574920.0,27574841.0,493.3062442177465,0.0,1.0,0.0,1.0
61,E145,TIR,27573410.0,27573480.0,27573452.0,493.3062442177465,0.0,1.0,0.0,1.0
62,E145,TIR,27570530.0,27570600.0,27570523.0,493.3062442177465,0.0,1.0,0.0,1.0
63,E145,TIR,27564770.0,27564840.0,27564766.0,493.3062442177465,0.0,1.0,0.0,1.0
64,E145,TIR,27560450.0,27560520.0,27560491.0,493.3062442177465,0.0,1.0,0.0,1.0
65,E145,TIR,27557570.0,27557640.0,27557610.0,493.3062442177465,0.0,1.0,0.0,1.0
66,E145,TIR,27554690.0,27554760.0,27554712.0,493.3062442177465,0.0,1.0,0.0,1.0
67,E145,TIR,27553250.0,27553320.0,27553295.0,493.3062442177465,0.0,1.0,0.0,1.0
68,E145,TIR,27550370.0,27550440.0,27550374.0,493.3062442177465,0.0,1.0,0.0,1.0
69,E145,TIR,27547490.0,27547560.0,27547508.0,493.3062442177465,0.0,1.0,0.0,1.0
70,E145,TIR,27544610.0,27544680.0,27544617.0,493.3062442177465,0.0,1.0,0.0,1.0
71,E145,TIR,27543170.0,27543240.0,27543181.0,493.3062442177465,0.0,1.0,0.0,1.0
72,E145,TIR,27540290.0,27540360.0,27540274.0,493.3062442177465,0.0,1.0,0.0,1.0
73,E145,TIR,27537410.0,27537480.0,27537404.0,493.3062442177465,0.0,1.0,0.0,1.0
74,E145,TIR,27534530.0,27534600.0,27534552.0,493.3062442177465,0.0,1.0,0.0,1.0
75,E145,TIR,27533090.0,27533160.0,27533083.0,493.3062442177465,0.0,1.0,0.0,1.0
76,E145,TIR,27530210.0,27530280.0,27530278.0,493.3062442177465,0.0,1.0,0.0,1.0
77,E145,TIR,27527330.0,27527400.0,27527308.0,493.3062442177465,0.0,1.0,0.0,1.0
78,E145,TIR,27524450.0,27524520.0,27524438.0,493.3062442177465,0.0,1.0,0.0,1.0
79,E145,TIR,27523010.0,27523080.0,27523005.0,493.3062442177465,0.0,1.0,0.0,1.0
80,E145,TIR,27520130.0,27520200.0,27520115.0,493.3062442177465,0.0,1.0,0.0,1.0
81,E145,TIR,27517250.0,27517320.0,27517251.0,493.3062442177465,0.0,1.0,0.0,1.0
82,E145,TIR,27514370.0,27514440.0,27514363.0,493.3062442177465,0.0,1.0,0.0,1.0
83,E145,TIR,27512930.0,27513000.0,27512963.0,493.3062442177465,0.0,1.0,0.0,1.0
84,E145,TIR,27510050.0,27510120.0,27510039.0,493.3062442177465,0.0,1.0,0.0,1.0
85,E145,TIR,27507170.0,27507240.0,27507174.0,493.3062442177465,0.0,1.0,0.0,1.0
86,E145,TIR,27504290.0,27504360.0,27504284.0,493.3062442177465,0.0,1.0,0.0,1.0
87,E145,TIR,27502850.0,27502920.0,27502835.0,493.3062442177465,0.0,1.0,0.0,1.0
88,E145,TIR,27499970.0,27500040.0,27499985.0,493.3062442177465,0.0,1.0,0.0,1.0
89,E145,TIR,27497090.0,27497160.0,27497092.0,493.3062442177465,0.0,1.0,0.0,1.0
90,E145,TIR,27494210.0,27494280.0,27494203.0,493.3062442177465,0.0,1.0,0.0,1.0
91,E145,TIR,27492770.0,27492840.0,27492765.0,493.3062442177465,0.0,1.0,0.0,1.0
92,E145,TIR,27489890.0,27489960.0,27489878.0,493.3062442177465,0.0,1.0,0.0,1.0
93,E145,TIR,27487010.0,27487080.0,27487010.0,493.3062442177465,0.0,1.0,0.0,1.0
94,E145,TIR,27484130.0,27484200.0,27484123.0,493.3062442177465,0.0,1.0,0.0,1.0
95,E145,TIR,27482690.0,27482760.0,27482685.0,493.3062442177465,0.0,1.0,0.0,1.0
96,E145,TIR,27479810.0,27479880.0,27479800.0,493.3062442177465,0.0,1.0,0.0,1.0
97,E145,TIR,27474050.0,27474120.0,27474041.0,493.3062442177465,0.0,1.0,0.0,1.0
98,E145,TIR,27472610.0,27472680.0,27472590.0,493.3062442177465,0.0,1.0,0.0,1.0
99,E145,TIR,27469730.0,27469800.0,27469715.0,493.3062442177465,0.0,1.0,0.0,1.0
100,E145,TIR,27466850.0,27466920.0,27466856.0,493.3062442177465,0.0,1.0,0.0,1.0
101,E145,TIR,27463970.0,27464040.0,27463953.0,493.3062442177465,0.0,1.0,0.0,1.0
102,E145,TIR,27462530.0,27462600.0,27462532.0,493.3062442177465,0.0,1.0,0.0,1.0
103,E145,TIR,27459650.0,27459720.0,27459634.0,493.3062442177465,0.0,1.0,0.0,1.0
104,E145,TIR,27456770.0,27456840.0,27456778.0,493.3062442177465,0.0,1.0,0.0,1.0
105,E145,TIR,27453890.0,27453960.0,27453891.0,493.3062442177465,0.0,1.0,0.0,1.0
106,E145,TIR,27452450.0,27452520.0,27452457.0,493.3062442177465,0.0,1.0,0.0,1.0
107,E145,TIR,27449570.0,27449640.0,27449572.0,493.3062442177465,0.0,1.0,0.0,1.0
108,E145,TIR,27446690.0,27446760.0,27446700.0,493.3062442177465,0.0,1.0,0.0,1.0
109,E145,TIR,27443810.0,27443880.0,27443812.0,493.3062442177465,0.0,1.0,0.0,1.0
110,E145,TIR,27442370.0,27442440.0,27442373.0,493.3062442177465,0.0,1.0,0.0,1.0
111,E145,TIR,27439490.0,27439560.0,27439596.0,493.3062442177465,0.0,1.0,0.0,1.0
112,E145,TIR,27436610.0,27436680.0,27436611.0,493.3062442177465,0.0,1.0,0.0,1.0
113,E145,TIR,27433730.0,27433800.0,27433752.0,493.3062442177465,0.0,1.0,0.0,1.0
114,E145,TIR,27432290.0,27432360.0,27432314.0,493.3062442177465,0.0,1.0,0.0,1.0
115,E145,TIR,27426530.0,27426600.0,27426525.0,493.3062442177465,0.0,1.0,0.0,1.0
116,E145,TIR,27423650.0,27423720.0,27423648.0,493.3062442177465,0.0,1.0,0.0,1.0
117,E145,TIR,27422210.0,27422280.0,27422203.0,493.3062442177465,0.0,1.0,0.0,1.0
118,E145,TIR,27416450.0,27416520.0,27416565.0,493.3062442177465,0.0,1.0,0.0,1.0
119,E145,TIR,27413570.0,27413640.0,27413566.0,493.3062442177465,0.0,1.0,0.0,1.0
120,E145,TIR,27412130.0,27412200.0,27412122.0,493.3062442177465,0.0,1.0,0.0,1.0
121,E145,TIR,27409250.0,27409320.0,27409255.0,493.3062442177465,0.0,1.0,0.0,1.0
122,E145,TIR,27406370.0,27406440.0,27406384.0,493.3062442177465,0.0,1.0,0.0,1.0
123,E145,TIR,27403490.0,27403560.0,27403484.0,493.3062442177465,0.0,1.0,0.0,1.0
124,E145,TIR,27402050.0,27402120.0,27402060.0,493.3062442177465,0.0,1.0,0.0,1.0
125,E145,TIR,27399170.0,27399240.0,27399177.0,493.3062442177465,0.0,1.0,0.0,1.0
126,E145,TIR,27396290.0,27396360.0,27396294.0,493.3062442177465,0.0,1.0,0.0,1.0
127,E145,TIR,27393410.0,27393480.0,27393413.0,493.3062442177465,0.0,1.0,0.0,1.0
128,E145,TIR,27391970.0,27392040.0,27392001.0,493.3062442177465,0.0,1.0,0.0,1.0
129,E145,BLR,27913440.0,27913500.0,27913549.0,463.8928171403542,0.0,1.0,1.0,0.0
130,E145,BLR,27906240.0,27906300.0,27906262.0,463.8928171403542,0.0,1.0,1.0,0.0
131,E145,BLR,27903174.0,27903237.0,27903174.0,463.8928171403542,0.0,1.0,1.0,0.0
132,E145,BLR,27900480.0,27900540.0,27900479.0,463.8928171403542,0.0,1.0,1.0,0.0
133,E145,BLR,27897600.0,27897660.0,27897632.0,463.8928171403542,0.0,1.0,1.0,0.0
134,E145,BLR,27896160.0,27896220.0,27895980.0,463.8928171403542,0.0,1.0,1.0,0.0
135,E145,BLR,27893097.0,27893151.0,27893097.0,463.8928171403542,0.0,1.0,1.0,0.0
136,E145,BLR,27891807.0,27891855.0,27891807.0,463.8928171403542,0.0,1.0,1.0,0.0
137,E145,BLR,27890400.0,27890460.0,27890430.0,463.8928171403542,0.0,1.0,1.0,0.0
138,E145,BLR,27886080.0,27886140.0,27886057.0,463.8928171403542,0.0,1.0,1.0,0.0
139,E145,BLR,27883200.0,27883260.0,27883170.0,463.8928171403542,0.0,1.0,1.0,0.0
140,E145,BLR,27881920.0,27881985.0,27881918.0,463.8928171403542,0.0,1.0,1.0,0.0
141,E145,BLR,27880320.0,27880380.0,27880337.0,463.8928171403542,0.0,1.0,1.0,0.0
142,E145,BLR,27879040.0,27879105.0,27879030.0,463.8928171403542,0.0,1.0,1.0,0.0
143,E145,BLR,27877440.0,27877500.0,27877477.0,463.8928171403542,0.0,1.0,1.0,0.0
144,E145,BLR,27876000.0,27876060.0,27875995.0,463.8928171403542,0.0,1.0,1.0,0.0
145,E145,BLR,27874720.0,27874785.0,27874749.0,463.8928171403542,0.0,1.0,1.0,0.0
146,E145,BLR,27873120.0,27873180.0,27873077.0,463.8928171403542,0.0,1.0,1.0,0.0
147,E145,BLR,27871840.0,27871905.0,27871750.0,463.8928171403542,0.0,1.0,1.0,0.0
148,E145,BLR,27870240.0,27870300.0,27870251.0,463.8928171403542,0.0,1.0,1.0,0.0
149,E145,BLR,27868960.0,27869025.0,27868952.0,463.8928171403542,0.0,1.0,1.0,0.0
150,E145,BLR,27867360.0,27867420.0,27867375.0,463.8928171403542,0.0,1.0,1.0,0.0
151,E145,BLR,27865920.0,27865980.0,27865877.0,463.8928171403542,0.0,1.0,1.0,0.0
152,E145,BLR,27864640.0,27864705.0,27864638.0,463.8928171403542,0.0,1.0,1.0,0.0
153,E145,BLR,27863040.0,27863100.0,27863043.0,463.8928171403542,0.0,1.0,1.0,0.0
154,E145,BLR,27861629.0,27861629.0,27861581.0,463.8928171403542,0.0,1.0,1.0,0.0
155,E145,BLR,27860040.0,27860040.0,27859976.0,463.8928171403542,0.0,1.0,1.0,0.0
156,E145,BLR,27858880.0,27858945.0,27858971.0,463.8928171403542,0.0,1.0,1.0,0.0
157,E145,BLR,27857160.0,27857160.0,27857096.0,463.8928171403542,0.0,1.0,1.0,0.0
158,E145,BLR,27855840.0,27855900.0,27855808.0,463.8928171403542,0.0,1.0,1.0,0.0
159,E145,BLR,27854270.0,27854270.0,27854219.0,463.8928171403542,0.0,1.0,1.0,0.0
160,E145,BLR,27851516.0,27851516.0,27851464.0,463.8928171403542,0.0,1.0,1.0,0.0
161,E145,BLR,27850080.0,27850140.0,27850152.0,463.8928171403542,0.0,1.0,1.0,0.0
162,E145,BLR,27848639.0,27848639.0,27848589.0,463.8928171403542,0.0,1.0,1.0,0.0
163,E145,BLR,27847200.0,27847260.0,27847221.0,463.8928171403542,0.0,1.0,1.0,0.0
164,E145,BLR,27845760.0,27845820.0,27845909.0,463.8928171403542,0.0,1.0,1.0,0.0
165,E145,BLR,27844480.0,27844545.0,27844506.0,463.8928171403542,0.0,1.0,1.0,0.0
166,E145,BLR,27842880.0,27842940.0,27842907.0,463.8928171403542,0.0,1.0,1.0,0.0
167,E145,BLR,27841600.0,27841665.0,27841634.0,463.8928171403542,0.0,1.0,1.0,0.0
168,E145,BLR,27839938.0,27839938.0,27839887.0,463.8928171403542,0.0,1.0,1.0,0.0
169,E145,BLR,27837120.0,27837180.0,27837138.0,463.8928171403542,0.0,1.0,1.0,0.0
170,E145,BLR,27835680.0,27835740.0,27835681.0,463.8928171403542,0.0,1.0,1.0,0.0
171,E145,BLR,27834400.0,27834465.0,27834476.0,463.8928171403542,0.0,1.0,1.0,0.0
172,E145,BLR,27832800.0,27832860.0,27832848.0,463.8928171403542,0.0,1.0,1.0,0.0
173,E145,BLR,27831391.0,27831391.0,27831331.0,463.8928171403542,0.0,1.0,1.0,0.0
174,E145,BLR,27829920.0,27829980.0,27829995.0,463.8928171403542,0.0,1.0,1.0,0.0
175,E145,BLR,27828640.0,27828705.0,27828754.0,463.8928171403542,0.0,1.0,1.0,0.0
176,E145,BLR,27826917.0,27826917.0,27826851.0,463.8928171403542,0.0,1.0,1.0,0.0
177,E145,BLR,27825600.0,27825660.0,27825579.0,463.8928171403542,0.0,1.0,1.0,0.0
178,E145,BLR,27824320.0,27824385.0,27824326.0,463.8928171403542,0.0,1.0,1.0,0.0
179,E145,BLR,27822720.0,27822780.0,27822576.0,463.8928171403542,0.0,1.0,1.0,0.0
180,E145,BLR,27821182.0,27821182.0,27821128.0,463.8928171403542,0.0,1.0,1.0,0.0
181,E145,BLR,27819840.0,27819900.0,27819855.0,463.8928171403542,0.0,1.0,1.0,0.0
182,E145,BLR,27818560.0,27818625.0,27818585.0,463.8928171403542,0.0,1.0,1.0,0.0
183,E145,BLR,27816960.0,27817020.0,27816977.0,463.8928171403542,0.0,1.0,1.0,0.0
184,E145,BLR,27815520.0,27815580.0,27815489.0,463.8928171403542,0.0,1.0,1.0,0.0
185,E145,BLR,27814240.0,27814305.0,27814235.0,463.8928171403542,0.0,1.0,1.0,0.0
186,E145,BLR,27812640.0,27812700.0,27812618.0,463.8928171403542,0.0,1.0,1.0,0.0
187,E145,BLR,27811225.0,27811225.0,27811174.0,463.8928171403542,0.0,1.0,1.0,0.0
188,E145,BLR,27809760.0,27809820.0,27809764.0,463.8928171403542,0.0,1.0,1.0,0.0
189,E145,BLR,27808480.0,27808545.0,27808484.0,463.8928171403542,0.0,1.0,1.0,0.0
190,E145,BLR,27806880.0,27806940.0,27806886.0,463.8928171403542,0.0,1.0,1.0,0.0
191,E145,BLR,27805309.0,27805309.0,27805250.0,463.8928171403542,0.0,1.0,1.0,0.0
192,E145,BLR,27804160.0,27804225.0,27804170.0,463.8928171403542,0.0,1.0,1.0,0.0
193,E145,BLR,27802441.0,27802441.0,27802375.0,463.8928171403542,0.0,1.0,1.0,0.0
194,E145,BLR,27801280.0,27801345.0,27801290.0,463.8928171403542,0.0,1.0,1.0,0.0
195,E145,BLR,27799735.0,27799735.0,27799683.0,463.8928171403542,0.0,1.0,1.0,0.0
196,E145,BLR,27798104.0,27798104.0,27798054.0,463.8928171403542,0.0,1.0,1.0,0.0
197,E145,BLR,27796860.0,27796860.0,27796801.0,463.8928171403542,0.0,1.0,1.0,0.0
198,E145,BLR,27795438.0,27795438.0,27795382.0,463.8928171403542,0.0,1.0,1.0,0.0
199,E145,BLR,27794080.0,27794145.0,27794120.0,463.8928171403542,0.0,1.0,1.0,0.0
200,E145,BLR,27792541.0,27792541.0,27792490.0,463.8928171403542,0.0,1.0,1.0,0.0
201,E145,BLR,27790933.0,27790933.0,27790880.0,463.8928171403542,0.0,1.0,1.0,0.0
202,E145,BLR,27789669.0,27789669.0,27789614.0,463.8928171403542,0.0,1.0,1.0,0.0
203,E145,BLR,27788320.0,27788385.0,27788322.0,463.8928171403542,0.0,1.0,1.0,0.0
204,E145,BLR,27786780.0,27786780.0,27786725.0,463.8928171403542,0.0,1.0,1.0,0.0
205,E145,BLR,27785369.0,27785369.0,27785319.0,463.8928171403542,0.0,1.0,1.0,0.0
206,E145,BLR,27784000.0,27784065.0,27784034.0,463.8928171403542,0.0,1.0,1.0,0.0
207,E145,BLR,27782295.0,27782360.0,27782444.0,463.8928171403542,0.0,1.0,1.0,0.0
208,E145,BLR,27780855.0,27780920.0,27780857.0,463.8928171403542,0.0,1.0,1.0,0.0
209,E145,BLR,27779520.0,27779580.0,27779595.0,463.8928171403542,0.0,1.0,1.0,0.0
210,E145,BLR,27772215.0,27772280.0,27772184.0,463.8928171403542,0.0,1.0,1.0,0.0
211,E145,BLR,27770775.0,27770840.0,27770771.0,463.8928171403542,0.0,1.0,1.0,0.0
212,E145,BLR,27769440.0,27769500.0,27769445.0,463.8928171403542,0.0,1.0,1.0,0.0
213,E145,BLR,27768160.0,27768225.0,27768161.0,463.8928171403542,0.0,1.0,1.0,0.0
214,E145,BLR,27766560.0,27766620.0,27766473.0,463.8928171403542,0.0,1.0,1.0,0.0
215,E145,BLR,27763840.0,27763905.0,27763908.0,463.8928171403542,0.0,1.0,1.0,0.0
216,E145,BLR,27762135.0,27762200.0,27762192.0,463.8928171403542,0.0,1.0,1.0,0.0
217,E145,BLR,27760695.0,27760760.0,27760621.0,463.8928171403542,0.0,1.0,1.0,0.0
218,E145,BLR,27759360.0,27759420.0,27759376.0,463.8928171403542,0.0,1.0,1.0,0.0
219,E145,BLR,27758080.0,27758145.0,27758109.0,463.8928171403542,0.0,1.0,1.0,0.0
220,E145,BLR,27756480.0,27756540.0,27756570.0,463.8928171403542,0.0,1.0,1.0,0.0
221,E145,BLR,27754935.0,27755000.0,27755081.0,463.8928171403542,0.0,1.0,1.0,0.0
222,E145,BLR,27752055.0,27752120.0,27752107.0,463.8928171403542,0.0,1.0,1.0,0.0
223,E145,BLR,27750615.0,27750680.0,27750627.0,463.8928171403542,0.0,1.0,1.0,0.0
224,E145,BLR,27749280.0,27749340.0,27749178.0,463.8928171403542,0.0,1.0,1.0,0.0
225,E145,BLR,27747784.0,27747784.0,27747733.0,463.8928171403542,0.0,1.0,1.0,0.0
226,E145,BLR,27746400.0,27746460.0,27746311.0,463.8928171403542,0.0,1.0,1.0,0.0
227,E145,BLR,27744855.0,27744920.0,27744865.0,463.8928171403542,0.0,1.0,1.0,0.0
228,E145,BLR,27743680.0,27743745.0,27743685.0,463.8928171403542,0.0,1.0,1.0,0.0
229,E145,BLR,27741975.0,27742040.0,27741980.0,463.8928171403542,0.0,1.0,1.0,0.0
230,E145,BLR,27740535.0,27740600.0,27740534.0,463.8928171403542,0.0,1.0,1.0,0.0
231,E145,BLR,27739200.0,27739260.0,27739199.0,463.8928171403542,0.0,1.0,1.0,0.0
232,E145,BLR,27737920.0,27737985.0,27737918.0,463.8928171403542,0.0,1.0,1.0,0.0
233,E145,BLR,27736178.0,27736178.0,27736127.0,463.8928171403542,0.0,1.0,1.0,0.0
234,E145,BLR,27734775.0,27734840.0,27734774.0,463.8928171403542,0.0,1.0,1.0,0.0
235,E145,BLR,27733600.0,27733665.0,27733608.0,463.8928171403542,0.0,1.0,1.0,0.0
236,E145,BLR,27731895.0,27731960.0,27731901.0,463.8928171403542,0.0,1.0,1.0,0.0
237,E145,BLR,27730455.0,27730520.0,27730545.0,463.8928171403542,0.0,1.0,1.0,0.0
238,E145,BLR,27729120.0,27729180.0,27729129.0,463.8928171403542,0.0,1.0,1.0,0.0
239,E145,BLR,27727840.0,27727905.0,27727837.0,463.8928171403542,0.0,1.0,1.0,0.0
240,E145,BLR,27726240.0,27726300.0,27726231.0,463.8928171403542,0.0,1.0,1.0,0.0
241,E145,BLR,27724695.0,27724760.0,27724701.0,463.8928171403542,0.0,1.0,1.0,0.0
242,E145,BLR,27723520.0,27723585.0,27723533.0,463.8928171403542,0.0,1.0,1.0,0.0
243,E145,BLR,27721815.0,27721880.0,27721985.0,463.8928171403542,0.0,1.0,1.0,0.0
244,E145,BLR,27720375.0,27720440.0,27720379.0,463.8928171403542,0.0,1.0,1.0,0.0
245,E145,BLR,27719040.0,27719100.0,27719056.0,463.8928171403542,0.0,1.0,1.0,0.0
246,E145,BLR,27717760.0,27717825.0,27717767.0,463.8928171403542,0.0,1.0,1.0,0.0
247,E145,BLR,27716160.0,27716220.0,27716153.0,463.8928171403542,0.0,1.0,1.0,0.0
248,E145,BLR,27714615.0,27714680.0,27714622.0,463.8928171403542,0.0,1.0,1.0,0.0
249,E145,BLR,27713440.0,27713505.0,27713440.0,463.8928171403542,0.0,1.0,1.0,0.0
250,E145,BLR,27711735.0,27711800.0,27711733.0,463.8928171403542,0.0,1.0,1.0,0.0
251,E145,BLR,27710295.0,27710360.0,27710301.0,463.8928171403542,0.0,1.0,1.0,0.0
252,E145,BLR,27708960.0,27709020.0,27708958.0,463.8928171403542,0.0,1.0,1.0,0.0
253,E145,BLR,27707680.0,27707745.0,27707689.0,463.8928171403542,0.0,1.0,1.0,0.0
254,E145,BLR,27706080.0,27706140.0,27706073.0,463.8928171403542,0.0,1.0,1.0,0.0
255,E145,BLR,27704535.0,27704600.0,27704529.0,463.8928171403542,0.0,1.0,1.0,0.0
256,E145,BLR,27703360.0,27703425.0,27703353.0,463.8928171403542,0.0,1.0,1.0,0.0
257,E145,BLR,27701655.0,27701720.0,27701658.0,463.8928171403542,0.0,1.0,1.0,0.0
258,E145,BLR,27700215.0,27700280.0,27700218.0,463.8928171403542,0.0,1.0,1.0,0.0
259,E145,BLR,27698880.0,27698940.0,27698876.0,463.8928171403542,0.0,1.0,1.0,0.0
260,E145,BLR,27697600.0,27697665.0,27697601.0,463.8928171403542,0.0,1.0,1.0,0.0
261,E145,BLR,27696000.0,27696060.0,27696003.0,463.8928171403542,0.0,1.0,1.0,0.0
262,E145,BLR,27694455.0,27694520.0,27694486.0,463.8928171403542,0.0,1.0,1.0,0.0
263,E145,BLR,27693280.0,27693345.0,27693292.0,463.8928171403542,0.0,1.0,1.0,0.0
264,E145,BLR,27691575.0,27691640.0,27691594.0,463.8928171403542,0.0,1.0,1.0,0.0
265,E145,BLR,27690135.0,27690200.0,27690369.0,463.8928171403542,0.0,1.0,1.0,0.0
266,E145,BLR,27688800.0,27688860.0,27688794.0,463.8928171403542,0.0,1.0,1.0,0.0
267,E145,BLR,27687520.0,27687585.0,27687625.0,463.8928171403542,0.0,1.0,1.0,0.0
268,E145,BLR,27685920.0,27685980.0,27685921.0,463.8928171403542,0.0,1.0,1.0,0.0
269,E145,BLR,27684375.0,27684440.0,27684384.0,463.8928171403542,0.0,1.0,1.0,0.0
270,E145,BLR,27683200.0,27683265.0,27683119.0,463.8928171403542,0.0,1.0,1.0,0.0
271,E145,BLR,27681495.0,27681560.0,27681552.0,463.8928171403542,0.0,1.0,1.0,0.0
272,E145,BLR,27680055.0,27680120.0,27680072.0,463.8928171403542,0.0,1.0,1.0,0.0
273,E145,BLR,27678720.0,27678780.0,27678801.0,463.8928171403542,0.0,1.0,1.0,0.0
274,E145,BLR,27677440.0,27677505.0,27677542.0,463.8928171403542,0.0,1.0,1.0,0.0
275,E145,BLR,27675840.0,27675900.0,27675857.0,463.8928171403542,0.0,1.0,1.0,0.0
276,E145,BLR,27674295.0,27674360.0,27674397.0,463.8928171403542,0.0,1.0,1.0,0.0
277,E145,BLR,27673120.0,27673185.0,27673187.0,463.8928171403542,0.0,1.0,1.0,0.0
278,E145,BLR,27671415.0,27671480.0,27671413.0,463.8928171403542,0.0,1.0,1.0,0.0
279,E145,BLR,27669975.0,27670040.0,27670145.0,463.8928171403542,0.0,1.0,1.0,0.0
280,E145,BLR,27668640.0,27668700.0,27668861.0,463.8928171403542,0.0,1.0,1.0,0.0
281,E145,BLR,27665760.0,27665820.0,27665760.0,463.8928171403542,0.0,1.0,1.0,0.0
282,E145,BLR,27664215.0,27664280.0,27664226.0,463.8928171403542,0.0,1.0,1.0,0.0
283,E145,BLR,27663040.0,27663105.0,27663043.0,463.8928171403542,0.0,1.0,1.0,0.0
284,E145,BLR,27658560.0,27658620.0,27658560.0,463.8928171403542,0.0,1.0,1.0,0.0
285,E145,BLR,27657280.0,27657345.0,27657273.0,463.8928171403542,0.0,1.0,1.0,0.0
286,E145,BLR,27655680.0,27655740.0,27655677.0,463.8928171403542,0.0,1.0,1.0,0.0
287,E145,BLR,27652960.0,27653025.0,27653005.0,463.8928171403542,0.0,1.0,1.0,0.0
288,E145,BLR,27651255.0,27651320.0,27651260.0,463.8928171403542,0.0,1.0,1.0,0.0
289,E145,BLR,27649815.0,27649880.0,27649816.0,463.8928171403542,0.0,1.0,1.0,0.0
290,E145,BLR,27648480.0,27648540.0,27648480.0,463.8928171403542,0.0,1.0,1.0,0.0
291,E145,BLR,27647200.0,27647265.0,27647207.0,463.8928171403542,0.0,1.0,1.0,0.0
292,E145,BLR,27645600.0,27645660.0,27645595.0,463.8928171403542,0.0,1.0,1.0,0.0
293,E145,BLR,27644335.0,27645560.0,27644057.0,463.8928171403542,0.0,1.0,1.0,0.0
294,E145,BLR,27642880.0,27642945.0,27642867.0,463.8928171403542,0.0,1.0,1.0,0.0
295,E145,BLR,27641227.0,27641227.0,27641172.0,463.8928171403542,0.0,1.0,1.0,0.0
296,E145,BLR,27639785.0,27639785.0,27639735.0,463.8928171403542,0.0,1.0,1.0,0.0
297,E145,BLR,27638442.0,27638442.0,27638395.0,463.8928171403542,0.0,1.0,1.0,0.0
298,E145,BLR,27637120.0,27637185.0,27637155.0,463.8928171403542,0.0,1.0,1.0,0.0
299,E145,BLR,27635569.0,27635569.0,27635522.0,463.8928171403542,0.0,1.0,1.0,0.0
300,E145,BLR,27634043.0,27634043.0,27633989.0,463.8928171403542,0.0,1.0,1.0,0.0
301,E145,BLR,27632800.0,27632865.0,27632849.0,463.8928171403542,0.0,1.0,1.0,0.0
302,E145,BLR,27631157.0,27631157.0,27631095.0,463.8928171403542,0.0,1.0,1.0,0.0
303,E145,BLR,27629710.0,27629710.0,27629658.0,463.8928171403542,0.0,1.0,1.0,0.0
304,E145,BLR,27628382.0,27628382.0,27628322.0,463.8928171403542,0.0,1.0,1.0,0.0
305,E145,BLR,27627040.0,27627105.0,27627049.0,463.8928171403542,0.0,1.0,1.0,0.0
306,E145,BLR,27625615.0,27625695.0,27625499.0,463.8928171403542,0.0,1.0,1.0,0.0
307,E145,BLR,27623939.0,27623939.0,27623887.0,463.8928171403542,0.0,1.0,1.0,0.0
308,E145,BLR,27622720.0,27622785.0,27622831.0,463.8928171403542,0.0,1.0,1.0,0.0
309,E145,BLR,27621105.0,27621105.0,27621055.0,463.8928171403542,0.0,1.0,1.0,0.0
310,E145,BLR,27619628.0,27619628.0,27619578.0,463.8928171403542,0.0,1.0,1.0,0.0
311,E145,BLR,27618296.0,27618296.0,27618246.0,463.8928171403542,0.0,1.0,1.0,0.0
312,E145,BLR,27616960.0,27617025.0,27616952.0,463.8928171403542,0.0,1.0,1.0,0.0
313,E145,BLR,27615415.0,27615415.0,27615355.0,463.8928171403542,0.0,1.0,1.0,0.0
314,E145,BLR,27613862.0,27613862.0,27613813.0,463.8928171403542,0.0,1.0,1.0,0.0
315,E145,BLR,27612640.0,27612705.0,27612659.0,463.8928171403542,0.0,1.0,1.0,0.0
316,E145,BLR,27610984.0,27610984.0,27610934.0,463.8928171403542,0.0,1.0,1.0,0.0
317,E145,BLR,27609553.0,27609553.0,27609499.0,463.8928171403542,0.0,1.0,1.0,0.0
318,E145,BLR,27608238.0,27608238.0,27608180.0,463.8928171403542,0.0,1.0,1.0,0.0
319,E145,BLR,27606880.0,27606945.0,27606877.0,463.8928171403542,0.0,1.0,1.0,0.0
320,E145,BLR,27605219.0,27605219.0,27605161.0,463.8928171403542,0.0,1.0,1.0,0.0
321,E145,BLR,27603791.0,27603791.0,27603740.0,463.8928171403542,0.0,1.0,1.0,0.0
322,E145,BLR,27602560.0,27602625.0,27602556.0,463.8928171403542,0.0,1.0,1.0,0.0
323,E145,BLR,27600909.0,27600909.0,27600856.0,463.8928171403542,0.0,1.0,1.0,0.0
324,E145,BLR,27599478.0,27599478.0,27599429.0,463.8928171403542,0.0,1.0,1.0,0.0
325,E145,BLR,27598255.0,27598335.0,27598189.0,463.8928171403542,0.0,1.0,1.0,0.0
326,E145,BLR,27596800.0,27596865.0,27596839.0,463.8928171403542,0.0,1.0,1.0,0.0
327,E145,BLR,27593717.0,27593717.0,27593661.0,463.8928171403542,0.0,1.0,1.0,0.0
328,E145,BLR,27592480.0,27592545.0,27592480.0,463.8928171403542,0.0,1.0,1.0,0.0
329,E145,BLR,27590828.0,27590828.0,27590778.0,463.8928171403542,0.0,1.0,1.0,0.0
330,E145,BLR,27589388.0,27589388.0,27589336.0,463.8928171403542,0.0,1.0,1.0,0.0
331,E145,BLR,27588038.0,27588038.0,27587989.0,463.8928171403542,0.0,1.0,1.0,0.0
332,E145,BLR,27586720.0,27586785.0,27586716.0,463.8928171403542,0.0,1.0,1.0,0.0
333,E145,BLR,27584978.0,27584978.0,27584922.0,463.8928171403542,0.0,1.0,1.0,0.0
334,E145,BLR,27580975.0,27581055.0,27580996.0,463.8928171403542,0.0,1.0,1.0,0.0
335,E145,BLR,27579329.0,27579329.0,27579276.0,463.8928171403542,0.0,1.0,1.0,0.0
336,E145,BLR,27578095.0,27578175.0,27578089.0,463.8928171403542,0.0,1.0,1.0,0.0
337,E145,BLR,27576640.0,27576705.0,27576637.0,463.8928171403542,0.0,1.0,1.0,0.0
338,E145,BLR,27575215.0,27575295.0,27575226.0,463.8928171403542,0.0,1.0,1.0,0.0
339,E145,BLR,27573775.0,27573855.0,27573799.0,463.8928171403542,0.0,1.0,1.0,0.0
340,E145,BLR,27572320.0,27572385.0,27572323.0,463.8928171403542,0.0,1.0,1.0,0.0
341,E145,BLR,27570895.0,27570975.0,27570891.0,463.8928171403542,0.0,1.0,1.0,0.0
342,E145,BLR,27569235.0,27569235.0,27569184.0,463.8928171403542,0.0,1.0,1.0,0.0
343,E145,BLR,27566560.0,27566625.0,27566558.0,463.8928171403542,0.0,1.0,1.0,0.0
344,E145,BLR,27565135.0,27565215.0,27565130.0,463.8928171403542,0.0,1.0,1.0,0.0
345,E145,BLR,27562240.0,27562305.0,27562253.0,463.8928171403542,0.0,1.0,1.0,0.0
346,E145,BLR,27560815.0,27560895.0,27560953.0,463.8928171403542,0.0,1.0,1.0,0.0
347,E145,BLR,27559360.0,27559425.0,27559357.0,463.8928171403542,0.0,1.0,1.0,0.0
348,E145,BLR,27557935.0,27558015.0,27558000.0,463.8928171403542,0.0,1.0,1.0,0.0
349,E145,BLR,27556480.0,27556545.0,27556487.0,463.8928171403542,0.0,1.0,1.0,0.0
350,E145,BLR,27555055.0,27555135.0,27555078.0,463.8928171403542,0.0,1.0,1.0,0.0
351,E145,BLR,27553615.0,27553695.0,27553680.0,463.8928171403542,0.0,1.0,1.0,0.0
352,E145,BLR,27552160.0,27552225.0,27552165.0,463.8928171403542,0.0,1.0,1.0,0.0
353,E145,BLR,27550735.0,27550815.0,27550758.0,463.8928171403542,0.0,1.0,1.0,0.0
354,E145,BLR,27549280.0,27549345.0,27549274.0,463.8928171403542,0.0,1.0,1.0,0.0
355,E145,BLR,27547855.0,27547935.0,27547888.0,463.8928171403542,0.0,1.0,1.0,0.0
356,E145,BLR,27546400.0,27546465.0,27546421.0,463.8928171403542,0.0,1.0,1.0,0.0
357,E145,BLR,27544975.0,27545055.0,27545009.0,463.8928171403542,0.0,1.0,1.0,0.0
358,E145,BLR,27543535.0,27543615.0,27543557.0,463.8928171403542,0.0,1.0,1.0,0.0
359,E145,BLR,27542080.0,27542145.0,27542130.0,463.8928171403542,0.0,1.0,1.0,0.0
360,E145,BLR,27540655.0,27540735.0,27540657.0,463.8928171403542,0.0,1.0,1.0,0.0
361,E145,BLR,27539200.0,27539265.0,27539197.0,463.8928171403542,0.0,1.0,1.0,0.0
362,E145,BLR,27537775.0,27537855.0,27537780.0,463.8928171403542,0.0,1.0,1.0,0.0
363,E145,BLR,27536320.0,27536385.0,27536451.0,463.8928171403542,0.0,1.0,1.0,0.0
364,E145,BLR,27534895.0,27534975.0,27534949.0,463.8928171403542,0.0,1.0,1.0,0.0
365,E145,BLR,27533455.0,27533535.0,27533450.0,463.8928171403542,0.0,1.0,1.0,0.0
366,E145,BLR,27532000.0,27532065.0,27532005.0,463.8928171403542,0.0,1.0,1.0,0.0
367,E145,BLR,27530575.0,27530655.0,27530631.0,463.8928171403542,0.0,1.0,1.0,0.0
368,E145,BLR,27529120.0,27529185.0,27529242.0,463.8928171403542,0.0,1.0,1.0,0.0
369,E145,BLR,27526240.0,27526305.0,27526231.0,463.8928171403542,0.0,1.0,1.0,0.0
370,E145,BLR,27524815.0,27524895.0,27524825.0,463.8928171403542,0.0,1.0,1.0,0.0
371,E145,BLR,27523375.0,27523455.0,27523363.0,463.8928171403542,0.0,1.0,1.0,0.0
372,E145,BLR,27521920.0,27521985.0,27521954.0,463.8928171403542,0.0,1.0,1.0,0.0
373,E145,BLR,27520495.0,27520575.0,27520515.0,463.8928171403542,0.0,1.0,1.0,0.0
374,E145,BLR,27519040.0,27519105.0,27519059.0,463.8928171403542,0.0,1.0,1.0,0.0
375,E145,BLR,27517615.0,27517695.0,27517637.0,463.8928171403542,0.0,1.0,1.0,0.0
376,E145,BLR,27516160.0,27516225.0,27516187.0,463.8928171403542,0.0,1.0,1.0,0.0
377,E145,BLR,27514735.0,27514815.0,27514719.0,463.8928171403542,0.0,1.0,1.0,0.0
378,E145,BLR,27513295.0,27513375.0,27513341.0,463.8928171403542,0.0,1.0,1.0,0.0
379,E145,BLR,27511840.0,27511905.0,27511975.0,463.8928171403542,0.0,1.0,1.0,0.0
380,E145,BLR,27510415.0,27510495.0,27510468.0,463.8928171403542,0.0,1.0,1.0,0.0
381,E145,BLR,27508960.0,27509025.0,27508950.0,463.8928171403542,0.0,1.0,1.0,0.0
382,E145,BLR,27507535.0,27507615.0,27507535.0,463.8928171403542,0.0,1.0,1.0,0.0
383,E145,BLR,27506080.0,27506145.0,27506074.0,463.8928171403542,0.0,1.0,1.0,0.0
384,E145,BLR,27504655.0,27504735.0,27504653.0,463.8928171403542,0.0,1.0,1.0,0.0
385,E145,BLR,27503215.0,27503295.0,27503196.0,463.8928171403542,0.0,1.0,1.0,0.0
386,E145,BLR,27501760.0,27501825.0,27501748.0,463.8928171403542,0.0,1.0,1.0,0.0
387,E145,BLR,27500335.0,27500415.0,27500364.0,463.8928171403542,0.0,1.0,1.0,0.0
388,E145,BLR,27498880.0,27498945.0,27498898.0,463.8928171403542,0.0,1.0,1.0,0.0
389,E145,BLR,27497455.0,27497535.0,27497458.0,463.8928171403542,0.0,1.0,1.0,0.0
390,E145,BLR,27496000.0,27496065.0,27496002.0,463.8928171403542,0.0,1.0,1.0,0.0
391,E145,BLR,27494575.0,27494655.0,27494598.0,463.8928171403542,0.0,1.0,1.0,0.0
392,E145,BLR,27493135.0,27493215.0,27493132.0,463.8928171403542,0.0,1.0,1.0,0.0
393,E145,BLR,27491680.0,27491745.0,27491676.0,463.8928171403542,0.0,1.0,1.0,0.0
394,E145,BLR,27490255.0,27490335.0,27490245.0,463.8928171403542,0.0,1.0,1.0,0.0
395,E145,BLR,27488800.0,27488865.0,27488820.0,463.8928171403542,0.0,1.0,1.0,0.0
396,E145,BLR,27487375.0,27487455.0,27487372.0,463.8928171403542,0.0,1.0,1.0,0.0
397,E145,BLR,27485920.0,27485985.0,27485920.0,463.8928171403542,0.0,1.0,1.0,0.0
398,E145,BLR,27484495.0,27484575.0,27484503.0,463.8928171403542,0.0,1.0,1.0,0.0
399,E145,BLR,27483055.0,27483135.0,27483059.0,463.8928171403542,0.0,1.0,1.0,0.0
400,E145,BLR,27481600.0,27481665.0,27481749.0,463.8928171403542,0.0,1.0,1.0,0.0
401,E145,BLR,27480175.0,27480255.0,27480186.0,463.8928171403542,0.0,1.0,1.0,0.0
402,E145,BLR,27478720.0,27478785.0,27478718.0,463.8928171403542,0.0,1.0,1.0,0.0
403,E145,BLR,27477295.0,27477375.0,27477328.0,463.8928171403542,0.0,1.0,1.0,0.0
404,E145,BLR,27475840.0,27475905.0,27475821.0,463.8928171403542,0.0,1.0,1.0,0.0
405,E145,BLR,27474415.0,27474495.0,27474438.0,463.8928171403542,0.0,1.0,1.0,0.0
406,E145,BLR,27472975.0,27473055.0,27472960.0,463.8928171403542,0.0,1.0,1.0,0.0
407,E145,BLR,27471520.0,27471585.0,27471528.0,463.8928171403542,0.0,1.0,1.0,0.0
408,E145,BLR,27470095.0,27470175.0,27470090.0,463.8928171403542,0.0,1.0,1.0,0.0
409,E145,BLR,27468640.0,27468705.0,27468699.0,463.8928171403542,0.0,1.0,1.0,0.0
410,E145,BLR,27467215.0,27467295.0,27467252.0,463.8928171403542,0.0,1.0,1.0,0.0
411,E145,BLR,27465760.0,27465825.0,27465761.0,463.8928171403542,0.0,1.0,1.0,0.0
412,E145,BLR,27461440.0,27461505.0,27461422.0,463.8928171403542,0.0,1.0,1.0,0.0
413,E145,BLR,27460015.0,27460095.0,27460011.0,463.8928171403542,0.0,1.0,1.0,0.0
414,E145,BLR,27458560.0,27458625.0,27458560.0,463.8928171403542,0.0,1.0,1.0,0.0
415,E145,BLR,27457135.0,27457215.0,27457162.0,463.8928171403542,0.0,1.0,1.0,0.0
416,E145,BLR,27455680.0,27455745.0,27455666.0,463.8928171403542,0.0,1.0,1.0,0.0
417,E145,BLR,27454255.0,27454335.0,27454278.0,463.8928171403542,0.0,1.0,1.0,0.0
418,E145,BLR,27452815.0,27452895.0,27452816.0,463.8928171403542,0.0,1.0,1.0,0.0
419,E145,BLR,27451360.0,27451425.0,27451355.0,463.8928171403542,0.0,1.0,1.0,0.0
420,E145,BLR,27449935.0,27450015.0,27449921.0,463.8928171403542,0.0,1.0,1.0,0.0
421,E145,BLR,27448480.0,27448545.0,27448480.0,463.8928171403542,0.0,1.0,1.0,0.0
422,E145,BLR,27447055.0,27447135.0,27447065.0,463.8928171403542,0.0,1.0,1.0,0.0
423,E145,BLR,27445600.0,27445665.0,27445630.0,463.8928171403542,0.0,1.0,1.0,0.0
424,E145,BLR,27444175.0,27444255.0,27444185.0,463.8928171403542,0.0,1.0,1.0,0.0
425,E145,BLR,27442735.0,27442815.0,27442743.0,463.8928171403542,0.0,1.0,1.0,0.0
426,E145,BLR,27441280.0,27441345.0,27441273.0,463.8928171403542,0.0,1.0,1.0,0.0
427,E145,BLR,27439855.0,27439935.0,27439972.0,463.8928171403542,0.0,1.0,1.0,0.0
428,E145,BLR,27438400.0,27438465.0,27438401.0,463.8928171403542,0.0,1.0,1.0,0.0
429,E145,BLR,27436975.0,27437055.0,27436971.0,463.8928171403542,0.0,1.0,1.0,0.0
430,E145,BLR,27435520.0,27435585.0,27435507.0,463.8928171403542,0.0,1.0,1.0,0.0
431,E145,BLR,27434095.0,27434175.0,27434141.0,463.8928171403542,0.0,1.0,1.0,0.0
432,E145,BLR,27432655.0,27432735.0,27432691.0,463.8928171403542,0.0,1.0,1.0,0.0
433,E145,BLR,27431200.0,27431265.0,27431190.0,463.8928171403542,0.0,1.0,1.0,0.0
434,E145,BLR,27428320.0,27428385.0,27428333.0,463.8928171403542,0.0,1.0,1.0,0.0
435,E145,BLR,27426895.0,27426975.0,27426876.0,463.8928171403542,0.0,1.0,1.0,0.0
436,E145,BLR,27425440.0,27425505.0,27425435.0,463.8928171403542,0.0,1.0,1.0,0.0
437,E145,BLR,27424015.0,27424095.0,27424019.0,463.8928171403542,0.0,1.0,1.0,0.0
438,E145,BLR,27422575.0,27422655.0,27422572.0,463.8928171403542,0.0,1.0,1.0,0.0
439,E145,BLR,27421120.0,27421185.0,27421122.0,463.8928171403542,0.0,1.0,1.0,0.0
440,E145,BLR,27419378.0,27419376.0,27419318.0,463.8928171403542,0.0,1.0,1.0,0.0
441,E145,BLR,27418028.0,27418026.0,27417972.0,463.8928171403542,0.0,1.0,1.0,0.0
442,E145,BLR,27416801.0,27416799.0,27416749.0,463.8928171403542,0.0,1.0,1.0,0.0
443,E145,BLR,27415360.0,27415425.0,27415346.0,463.8928171403542,0.0,1.0,1.0,0.0
444,E145,BLR,27413935.0,27414015.0,27413936.0,463.8928171403542,0.0,1.0,1.0,0.0
445,E145,BLR,27412495.0,27412575.0,27412516.0,463.8928171403542,0.0,1.0,1.0,0.0
446,E145,BLR,27411040.0,27411105.0,27411030.0,463.8928171403542,0.0,1.0,1.0,0.0
447,E145,BLR,27409615.0,27409695.0,27409617.0,463.8928171403542,0.0,1.0,1.0,0.0
448,E145,BLR,27408160.0,27408225.0,27408157.0,463.8928171403542,0.0,1.0,1.0,0.0
449,E145,BLR,27406735.0,27406815.0,27406724.0,463.8928171403542,0.0,1.0,1.0,0.0
450,E145,BLR,27405280.0,27405345.0,27405270.0,463.8928171403542,0.0,1.0,1.0,0.0
451,E145,BLR,27403855.0,27403935.0,27403844.0,463.8928171403542,0.0,1.0,1.0,0.0
452,E145,BLR,27402415.0,27402495.0,27402433.0,463.8928171403542,0.0,1.0,1.0,0.0
453,E145,BLR,27400960.0,27401025.0,27400941.0,463.8928171403542,0.0,1.0,1.0,0.0
454,E145,BLR,27399535.0,27399615.0,27399527.0,463.8928171403542,0.0,1.0,1.0,0.0
455,E145,BLR,27398080.0,27398145.0,27398064.0,463.8928171403542,0.0,1.0,1.0,0.0
456,E145,BLR,27396655.0,27396735.0,27396659.0,463.8928171403542,0.0,1.0,1.0,0.0
457,E145,BLR,27395200.0,27395265.0,27395248.0,463.8928171403542,0.0,1.0,1.0,0.0
458,E145,BLR,27393775.0,27393855.0,27393790.0,463.8928171403542,0.0,1.0,1.0,0.0
459,E145,BLR,27392335.0,27392415.0,27392369.0,463.8928171403542,0.0,1.0,1.0,0.0
460,E145,BLR,27390880.0,27390945.0,27390930.0,463.8928171403542,0.0,1.0,1.0,0.0
461,AT76,BLR,27914940.0,27915025.0,27914942.0,463.8928171403542,1.0,0.0,1.0,0.0
462,AT76,BLR,27913500.0,27913585.0,27913512.0,463.8928171403542,1.0,0.0,1.0,0.0
463,AT76,BLR,27912060.0,27912145.0,27912056.0,463.8928171403542,1.0,0.0,1.0,0.0
464,AT76,BLR,27910620.0,27910705.0,27910650.0,463.8928171403542,1.0,0.0,1.0,0.0
465,AT76,BLR,27909180.0,27909265.0,27909202.0,463.8928171403542,1.0,0.0,1.0,0.0
466,AT76,BLR,27907740.0,27907825.0,27907742.0,463.8928171403542,1.0,0.0,1.0,0.0
467,AT76,BLR,27906300.0,27906385.0,27906299.0,463.8928171403542,1.0,0.0,1.0,0.0
468,AT76,BLR,27904860.0,27904945.0,27904892.0,463.8928171403542,1.0,0.0,1.0,0.0
469,AT76,BLR,27903420.0,27903505.0,27903429.0,463.8928171403542,1.0,0.0,1.0,0.0
470,AT76,BLR,27901980.0,27902065.0,27902180.0,463.8928171403542,1.0,0.0,1.0,0.0
471,AT76,BLR,27900540.0,27900625.0,27900600.0,463.8928171403542,1.0,0.0,1.0,0.0
472,AT76,BLR,27899100.0,27899185.0,27899116.0,463.8928171403542,1.0,0.0,1.0,0.0
473,AT76,BLR,27897660.0,27897745.0,27897706.0,463.8928171403542,1.0,0.0,1.0,0.0
474,AT76,BLR,27896220.0,27896305.0,27896206.0,463.8928171403542,1.0,0.0,1.0,0.0
475,AT76,BLR,27894780.0,27894865.0,27894842.0,463.8928171403542,1.0,0.0,1.0,0.0
476,AT76,BLR,27893340.0,27893425.0,27893342.0,463.8928171403542,1.0,0.0,1.0,0.0
477,AT76,BLR,27891900.0,27891985.0,27891897.0,463.8928171403542,1.0,0.0,1.0,0.0
478,AT76,BLR,27890460.0,27890545.0,27890461.0,463.8928171403542,1.0,0.0,1.0,0.0
479,AT76,BLR,27889020.0,27889105.0,27889241.0,463.8928171403542,1.0,0.0,1.0,0.0
480,AT76,BLR,27887580.0,27887665.0,27887610.0,463.8928171403542,1.0,0.0,1.0,0.0
481,AT76,BLR,27886140.0,27886225.0,27886149.0,463.8928171403542,1.0,0.0,1.0,0.0
482,AT76,BLR,27884700.0,27884785.0,27884724.0,463.8928171403542,1.0,0.0,1.0,0.0
483,AT76,BLR,27883260.0,27883345.0,27883291.0,463.8928171403542,1.0,0.0,1.0,0.0
484,AT76,BLR,27881820.0,27881905.0,27881819.0,463.8928171403542,1.0,0.0,1.0,0.0
485,AT76,BLR,27880380.0,27880465.0,27880380.0,463.8928171403542,1.0,0.0,1.0,0.0
486,AT76,BLR,27878940.0,27879025.0,27878941.0,463.8928171403542,1.0,0.0,1.0,0.0
487,AT76,BLR,27877500.0,27877585.0,27877501.0,463.8928171403542,1.0,0.0,1.0,0.0
488,AT76,BLR,27876060.0,27876145.0,27876061.0,463.8928171403542,1.0,0.0,1.0,0.0
489,AT76,BLR,27874620.0,27874705.0,27874613.0,463.8928171403542,1.0,0.0,1.0,0.0
490,AT76,BLR,27873180.0,27873265.0,27873176.0,463.8928171403542,1.0,0.0,1.0,0.0
491,AT76,BLR,27871740.0,27871825.0,27871759.0,463.8928171403542,1.0,0.0,1.0,0.0
492,AT76,BLR,27870300.0,27870385.0,27870468.0,463.8928171403542,1.0,0.0,1.0,0.0
493,AT76,BLR,27868860.0,27868945.0,27869011.0,463.8928171403542,1.0,0.0,1.0,0.0
494,AT76,BLR,27867420.0,27867505.0,27867441.0,463.8928171403542,1.0,0.0,1.0,0.0
495,AT76,BLR,27865980.0,27866065.0,27865970.0,463.8928171403542,1.0,0.0,1.0,0.0
496,AT76,BLR,27864540.0,27864625.0,27864543.0,463.8928171403542,1.0,0.0,1.0,0.0
497,AT76,BLR,27863100.0,27863185.0,27863099.0,463.8928171403542,1.0,0.0,1.0,0.0
498,AT76,BLR,27861660.0,27861745.0,27861664.0,463.8928171403542,1.0,0.0,1.0,0.0
499,AT76,BLR,27860220.0,27860305.0,27860230.0,463.8928171403542,1.0,0.0,1.0,0.0
500,AT76,BLR,27858780.0,27858865.0,27858995.0,463.8928171403542,1.0,0.0,1.0,0.0
501,AT76,BLR,27857340.0,27857425.0,27857366.0,463.8928171403542,1.0,0.0,1.0,0.0
502,AT76,BLR,27855900.0,27855985.0,27855913.0,463.8928171403542,1.0,0.0,1.0,0.0
503,AT76,BLR,27854460.0,27854545.0,27854446.0,463.8928171403542,1.0,0.0,1.0,0.0
504,AT76,BLR,27853020.0,27853105.0,27853026.0,463.8928171403542,1.0,0.0,1.0,0.0
505,AT76,BLR,27851580.0,27851665.0,27851580.0,463.8928171403542,1.0,0.0,1.0,0.0
506,AT76,BLR,27850140.0,27850225.0,27850133.0,463.8928171403542,1.0,0.0,1.0,0.0
507,AT76,BLR,27848700.0,27848785.0,27848695.0,463.8928171403542,1.0,0.0,1.0,0.0
508,AT76,BLR,27847260.0,27847345.0,27847288.0,463.8928171403542,1.0,0.0,1.0,0.0
509,AT76,BLR,27845820.0,27845905.0,27845820.0,463.8928171403542,1.0,0.0,1.0,0.0
510,AT76,BLR,27844380.0,27844465.0,27844379.0,463.8928171403542,1.0,0.0,1.0,0.0
511,AT76,BLR,27842940.0,27843025.0,27842936.0,463.8928171403542,1.0,0.0,1.0,0.0
512,AT76,BLR,27841500.0,27841585.0,27841505.0,463.8928171403542,1.0,0.0,1.0,0.0
513,AT76,BLR,27840060.0,27840145.0,27840064.0,463.8928171403542,1.0,0.0,1.0,0.0
514,AT76,BLR,27838620.0,27838705.0,27838668.0,463.8928171403542,1.0,0.0,1.0,0.0
515,AT76,BLR,27837180.0,27837265.0,27837203.0,463.8928171403542,1.0,0.0,1.0,0.0
516,AT76,BLR,27835740.0,27835825.0,27835745.0,463.8928171403542,1.0,0.0,1.0,0.0
517,AT76,BLR,27834300.0,27834385.0,27834308.0,463.8928171403542,1.0,0.0,1.0,0.0
518,AT76,BLR,27832860.0,27832945.0,27832866.0,463.8928171403542,1.0,0.0,1.0,0.0
519,AT76,BLR,27831420.0,27831505.0,27831441.0,463.8928171403542,1.0,0.0,1.0,0.0
520,AT76,BLR,27829980.0,27830065.0,27830172.0,463.8928171403542,1.0,0.0,1.0,0.0
521,AT76,BLR,27828540.0,27828625.0,27828544.0,463.8928171403542,1.0,0.0,1.0,0.0
522,AT76,BLR,27827100.0,27827185.0,27827102.0,463.8928171403542,1.0,0.0,1.0,0.0
523,AT76,BLR,27825660.0,27825745.0,27825669.0,463.8928171403542,1.0,0.0,1.0,0.0
524,AT76,BLR,27824220.0,27824305.0,27824256.0,463.8928171403542,1.0,0.0,1.0,0.0
525,AT76,BLR,27822780.0,27822865.0,27822776.0,463.8928171403542,1.0,0.0,1.0,0.0
526,AT76,BLR,27821340.0,27821425.0,27821354.0,463.8928171403542,1.0,0.0,1.0,0.0
527,AT76,BLR,27819900.0,27819985.0,27819896.0,463.8928171403542,1.0,0.0,1.0,0.0
528,AT76,BLR,27818460.0,27818545.0,27818456.0,463.8928171403542,1.0,0.0,1.0,0.0
529,AT76,BLR,27817020.0,27817105.0,27817033.0,463.8928171403542,1.0,0.0,1.0,0.0
530,AT76,BLR,27815580.0,27815665.0,27815586.0,463.8928171403542,1.0,0.0,1.0,0.0
531,AT76,BLR,27814140.0,27814225.0,27814160.0,463.8928171403542,1.0,0.0,1.0,0.0
532,AT76,BLR,27812700.0,27812785.0,27812702.0,463.8928171403542,1.0,0.0,1.0,0.0
533,AT76,BLR,27811260.0,27811345.0,27811284.0,463.8928171403542,1.0,0.0,1.0,0.0
534,AT76,BLR,27809820.0,27809905.0,27809847.0,463.8928171403542,1.0,0.0,1.0,0.0
535,AT76,BLR,27808380.0,27808465.0,27808566.0,463.8928171403542,1.0,0.0,1.0,0.0
536,AT76,BLR,27806940.0,27807025.0,27806949.0,463.8928171403542,1.0,0.0,1.0,0.0
537,AT76,BLR,27805500.0,27805585.0,27805506.0,463.8928171403542,1.0,0.0,1.0,0.0
538,AT76,BLR,27804060.0,27804145.0,27804063.0,463.8928171403542,1.0,0.0,1.0,0.0
539,AT76,BLR,27802620.0,27802705.0,27802651.0,463.8928171403542,1.0,0.0,1.0,0.0
540,AT76,BLR,27801180.0,27801265.0,27801179.0,463.8928171403542,1.0,0.0,1.0,0.0
541,AT76,BLR,27798300.0,27798385.0,27798299.0,463.8928171403542,1.0,0.0,1.0,0.0
542,AT76,BLR,27796860.0,27796945.0,27796860.0,463.8928171403542,1.0,0.0,1.0,0.0
543,AT76,BLR,27795420.0,27795505.0,27795423.0,463.8928171403542,1.0,0.0,1.0,0.0
544,AT76,BLR,27793980.0,27794065.0,27793983.0,463.8928171403542,1.0,0.0,1.0,0.0
545,AT76,BLR,27792540.0,27792625.0,27792547.0,463.8928171403542,1.0,0.0,1.0,0.0
546,AT76,BLR,27791100.0,27791185.0,27791105.0,463.8928171403542,1.0,0.0,1.0,0.0
547,AT76,BLR,27789660.0,27789745.0,27789668.0,463.8928171403542,1.0,0.0,1.0,0.0
548,AT76,BLR,27788220.0,27788305.0,27788225.0,463.8928171403542,1.0,0.0,1.0,0.0
549,AT76,BLR,27786780.0,27786865.0,27786790.0,463.8928171403542,1.0,0.0,1.0,0.0
550,AT76,BLR,27785340.0,27785425.0,27785357.0,463.8928171403542,1.0,0.0,1.0,0.0
551,AT76,BLR,27783900.0,27783985.0,27783901.0,463.8928171403542,1.0,0.0,1.0,0.0
552,AT76,BLR,27782460.0,27782545.0,27782472.0,463.8928171403542,1.0,0.0,1.0,0.0
553,AT76,BLR,27781020.0,27781105.0,27781022.0,463.8928171403542,1.0,0.0,1.0,0.0
554,AT76,BLR,27779580.0,27779665.0,27779581.0,463.8928171403542,1.0,0.0,1.0,0.0
555,AT76,BLR,27778140.0,27778225.0,27778225.0,463.8928171403542,1.0,0.0,1.0,0.0
556,AT76,BLR,27776700.0,27776785.0,27776690.0,463.8928171403542,1.0,0.0,1.0,0.0
557,AT76,BLR,27775260.0,27775345.0,27775258.0,463.8928171403542,1.0,0.0,1.0,0.0
558,AT76,BLR,27773820.0,27773905.0,27773817.0,463.8928171403542,1.0,0.0,1.0,0.0
559,AT76,BLR,27772380.0,27772465.0,27772393.0,463.8928171403542,1.0,0.0,1.0,0.0
560,AT76,BLR,27770940.0,27771025.0,27770947.0,463.8928171403542,1.0,0.0,1.0,0.0
561,AT76,BLR,27768060.0,27768145.0,27768286.0,463.8928171403542,1.0,0.0,1.0,0.0
562,AT76,BLR,27766620.0,27766705.0,27766626.0,463.8928171403542,1.0,0.0,1.0,0.0
563,AT76,BLR,27765180.0,27765265.0,27765184.0,463.8928171403542,1.0,0.0,1.0,0.0
564,AT76,BLR,27763740.0,27763825.0,27763750.0,463.8928171403542,1.0,0.0,1.0,0.0
565,AT76,BLR,27762300.0,27762385.0,27762303.0,463.8928171403542,1.0,0.0,1.0,0.0
566,AT76,BLR,27760860.0,27760945.0,27760950.0,463.8928171403542,1.0,0.0,1.0,0.0
567,AT76,BLR,27759420.0,27759505.0,27759424.0,463.8928171403542,1.0,0.0,1.0,0.0
568,AT76,BLR,27757980.0,27758065.0,27757975.0,463.8928171403542,1.0,0.0,1.0,0.0
569,AT76,BLR,27756540.0,27756625.0,27756548.0,463.8928171403542,1.0,0.0,1.0,0.0
570,AT76,BLR,27755100.0,27755185.0,27755103.0,463.8928171403542,1.0,0.0,1.0,0.0
571,AT76,BLR,27753660.0,27753745.0,27753655.0,463.8928171403542,1.0,0.0,1.0,0.0
572,AT76,BLR,27752220.0,27752305.0,27752186.0,463.8928171403542,1.0,0.0,1.0,0.0
573,AT76,BLR,27750780.0,27750865.0,27750881.0,463.8928171403542,1.0,0.0,1.0,0.0
574,AT76,BLR,27749340.0,27749425.0,27749330.0,463.8928171403542,1.0,0.0,1.0,0.0
575,AT76,BLR,27747900.0,27747985.0,27747907.0,463.8928171403542,1.0,0.0,1.0,0.0
576,AT76,BLR,27746460.0,27746545.0,27746600.0,463.8928171403542,1.0,0.0,1.0,0.0
577,AT76,BLR,27745020.0,27745105.0,27745026.0,463.8928171403542,1.0,0.0,1.0,0.0
578,AT76,BLR,27743580.0,27743665.0,27743766.0,463.8928171403542,1.0,0.0,1.0,0.0
579,AT76,BLR,27742140.0,27742225.0,27742141.0,463.8928171403542,1.0,0.0,1.0,0.0
580,AT76,BLR,27740700.0,27740785.0,27740692.0,463.8928171403542,1.0,0.0,1.0,0.0
581,AT76,BLR,27739260.0,27739345.0,27739262.0,463.8928171403542,1.0,0.0,1.0,0.0
582,AT76,BLR,27737820.0,27737905.0,27737814.0,463.8928171403542,1.0,0.0,1.0,0.0
583,AT76,BLR,27736380.0,27736465.0,27736603.0,463.8928171403542,1.0,0.0,1.0,0.0
584,AT76,BLR,27733500.0,27733585.0,27733497.0,463.8928171403542,1.0,0.0,1.0,0.0
585,AT76,BLR,27732060.0,27732145.0,27732055.0,463.8928171403542,1.0,0.0,1.0,0.0
586,AT76,BLR,27730620.0,27730705.0,27730626.0,463.8928171403542,1.0,0.0,1.0,0.0
587,AT76,BLR,27729180.0,27729265.0,27729167.0,463.8928171403542,1.0,0.0,1.0,0.0
588,AT76,BLR,27727740.0,27727825.0,27727736.0,463.8928171403542,1.0,0.0,1.0,0.0
589,AT76,BLR,27726300.0,27726385.0,27726306.0,463.8928171403542,1.0,0.0,1.0,0.0
590,AT76,BLR,27724860.0,27724945.0,27724872.0,463.8928171403542,1.0,0.0,1.0,0.0
591,AT76,BLR,27723420.0,27723505.0,27723426.0,463.8928171403542,1.0,0.0,1.0,0.0
592,AT76,BLR,27721980.0,27722065.0,27721997.0,463.8928171403542,1.0,0.0,1.0,0.0
593,AT76,BLR,27720540.0,27720625.0,27720575.0,463.8928171403542,1.0,0.0,1.0,0.0
594,AT76,BLR,27719100.0,27719185.0,27719105.0,463.8928171403542,1.0,0.0,1.0,0.0
595,AT76,BLR,27717660.0,27717745.0,27717669.0,463.8928171403542,1.0,0.0,1.0,0.0
596,AT76,BLR,27716220.0,27716305.0,27716215.0,463.8928171403542,1.0,0.0,1.0,0.0
597,AT76,BLR,27714780.0,27714865.0,27714787.0,463.8928171403542,1.0,0.0,1.0,0.0
598,AT76,BLR,27713340.0,27713425.0,27713346.0,463.8928171403542,1.0,0.0,1.0,0.0
599,AT76,BLR,27711900.0,27711985.0,27712132.0,463.8928171403542,1.0,0.0,1.0,0.0
600,AT76,BLR,27710460.0,27710545.0,27710456.0,463.8928171403542,1.0,0.0,1.0,0.0
601,AT76,BLR,27709020.0,27709105.0,27709021.0,463.8928171403542,1.0,0.0,1.0,0.0
602,AT76,BLR,27707580.0,27707665.0,27707578.0,463.8928171403542,1.0,0.0,1.0,0.0
603,AT76,BLR,27706140.0,27706225.0,27706142.0,463.8928171403542,1.0,0.0,1.0,0.0
604,AT76,BLR,27704700.0,27704785.0,27704696.0,463.8928171403542,1.0,0.0,1.0,0.0
605,AT76,BLR,27703260.0,27703345.0,27703262.0,463.8928171403542,1.0,0.0,1.0,0.0
606,AT76,BLR,27700380.0,27700465.0,27700376.0,463.8928171403542,1.0,0.0,1.0,0.0
607,AT76,BLR,27698940.0,27699025.0,27698934.0,463.8928171403542,1.0,0.0,1.0,0.0
608,AT76,BLR,27697500.0,27697585.0,27697496.0,463.8928171403542,1.0,0.0,1.0,0.0
609,AT76,BLR,27696060.0,27696145.0,27696065.0,463.8928171403542,1.0,0.0,1.0,0.0
610,AT76,BLR,27693180.0,27693265.0,27693175.0,463.8928171403542,1.0,0.0,1.0,0.0
611,AT76,BLR,27691740.0,27691825.0,27691743.0,463.8928171403542,1.0,0.0,1.0,0.0
612,AT76,BLR,27690300.0,27690385.0,27690297.0,463.8928171403542,1.0,0.0,1.0,0.0
613,AT76,BLR,27688860.0,27688945.0,27689058.0,463.8928171403542,1.0,0.0,1.0,0.0
614,AT76,BLR,27687420.0,27687505.0,27687433.0,463.8928171403542,1.0,0.0,1.0,0.0
615,AT76,BLR,27685980.0,27686065.0,27685988.0,463.8928171403542,1.0,0.0,1.0,0.0
616,AT76,BLR,27684540.0,27684625.0,27684555.0,463.8928171403542,1.0,0.0,1.0,0.0
617,AT76,BLR,27683100.0,27683185.0,27683127.0,463.8928171403542,1.0,0.0,1.0,0.0
618,AT76,BLR,27681660.0,27681745.0,27681675.0,463.8928171403542,1.0,0.0,1.0,0.0
619,AT76,BLR,27680220.0,27680305.0,27680220.0,463.8928171403542,1.0,0.0,1.0,0.0
620,AT76,BLR,27678780.0,27678865.0,27678781.0,463.8928171403542,1.0,0.0,1.0,0.0
621,AT76,BLR,27677340.0,27677425.0,27677414.0,463.8928171403542,1.0,0.0,1.0,0.0
622,AT76,BLR,27675900.0,27675985.0,27675899.0,463.8928171403542,1.0,0.0,1.0,0.0
623,AT76,BLR,27674460.0,27674545.0,27674461.0,463.8928171403542,1.0,0.0,1.0,0.0
624,AT76,BLR,27673020.0,27673105.0,27673036.0,463.8928171403542,1.0,0.0,1.0,0.0
625,AT76,BLR,27671580.0,27671665.0,27671583.0,463.8928171403542,1.0,0.0,1.0,0.0
626,AT76,BLR,27670140.0,27670225.0,27670138.0,463.8928171403542,1.0,0.0,1.0,0.0
627,AT76,BLR,27668700.0,27668785.0,27668714.0,463.8928171403542,1.0,0.0,1.0,0.0
628,AT76,BLR,27667260.0,27667345.0,27667275.0,463.8928171403542,1.0,0.0,1.0,0.0
629,AT76,BLR,27665820.0,27665905.0,27665825.0,463.8928171403542,1.0,0.0,1.0,0.0
630,AT76,BLR,27664380.0,27664465.0,27664384.0,463.8928171403542,1.0,0.0,1.0,0.0
631,AT76,BLR,27662940.0,27663025.0,27662943.0,463.8928171403542,1.0,0.0,1.0,0.0
632,AT76,BLR,27661500.0,27661585.0,27661512.0,463.8928171403542,1.0,0.0,1.0,0.0
633,AT76,BLR,27660060.0,27660145.0,27660102.0,463.8928171403542,1.0,0.0,1.0,0.0
634,AT76,BLR,27658620.0,27658705.0,27658622.0,463.8928171403542,1.0,0.0,1.0,0.0
635,AT76,BLR,27657180.0,27657265.0,27657188.0,463.8928171403542,1.0,0.0,1.0,0.0
636,AT76,BLR,27655740.0,27655825.0,27655753.0,463.8928171403542,1.0,0.0,1.0,0.0
637,AT76,BLR,27654300.0,27654385.0,27654296.0,463.8928171403542,1.0,0.0,1.0,0.0
638,AT76,BLR,27652860.0,27652945.0,27652995.0,463.8928171403542,1.0,0.0,1.0,0.0
639,AT76,BLR,27651420.0,27651505.0,27651420.0,463.8928171403542,1.0,0.0,1.0,0.0
640,AT76,BLR,27649980.0,27650065.0,27649983.0,463.8928171403542,1.0,0.0,1.0,0.0
641,AT76,BLR,27648540.0,27648625.0,27648543.0,463.8928171403542,1.0,0.0,1.0,0.0
642,AT76,BLR,27647100.0,27647185.0,27647097.0,463.8928171403542,1.0,0.0,1.0,0.0
643,AT76,BLR,27645660.0,27645745.0,27645660.0,463.8928171403542,1.0,0.0,1.0,0.0
644,AT76,BLR,27644220.0,27644305.0,27644219.0,463.8928171403542,1.0,0.0,1.0,0.0
645,AT76,BLR,27642780.0,27642865.0,27642803.0,463.8928171403542,1.0,0.0,1.0,0.0
646,AT76,BLR,27641340.0,27641425.0,27641491.0,463.8928171403542,1.0,0.0,1.0,0.0
647,AT76,BLR,27637020.0,27637105.0,27637247.0,463.8928171403542,1.0,0.0,1.0,0.0
648,AT76,BLR,27635580.0,27635665.0,27635594.0,463.8928171403542,1.0,0.0,1.0,0.0
649,AT76,BLR,27634140.0,27634225.0,27634140.0,463.8928171403542,1.0,0.0,1.0,0.0
650,AT76,BLR,27632700.0,27632785.0,27632712.0,463.8928171403542,1.0,0.0,1.0,0.0
651,AT76,BLR,27631260.0,27631345.0,27631264.0,463.8928171403542,1.0,0.0,1.0,0.0
652,AT76,BLR,27629820.0,27629905.0,27629817.0,463.8928171403542,1.0,0.0,1.0,0.0
653,AT76,BLR,27628380.0,27628465.0,27628460.0,463.8928171403542,1.0,0.0,1.0,0.0
654,AT76,BLR,27626940.0,27627025.0,27626945.0,463.8928171403542,1.0,0.0,1.0,0.0
655,AT76,BLR,27625500.0,27625585.0,27625514.0,463.8928171403542,1.0,0.0,1.0,0.0
656,AT76,BLR,27624060.0,27624145.0,27624305.0,463.8928171403542,1.0,0.0,1.0,0.0
657,AT76,BLR,27622620.0,27622705.0,27622630.0,463.8928171403542,1.0,0.0,1.0,0.0
658,AT76,BLR,27621180.0,27621265.0,27621185.0,463.8928171403542,1.0,0.0,1.0,0.0
659,AT76,BLR,27619740.0,27619825.0,27619744.0,463.8928171403542,1.0,0.0,1.0,0.0
660,AT76,BLR,27618300.0,27618385.0,27618309.0,463.8928171403542,1.0,0.0,1.0,0.0
661,AT76,BLR,27616860.0,27616945.0,27616849.0,463.8928171403542,1.0,0.0,1.0,0.0
662,AT76,BLR,27615420.0,27615505.0,27615493.0,463.8928171403542,1.0,0.0,1.0,0.0
663,AT76,BLR,27613980.0,27614065.0,27613977.0,463.8928171403542,1.0,0.0,1.0,0.0
664,AT76,BLR,27612540.0,27612625.0,27612540.0,463.8928171403542,1.0,0.0,1.0,0.0
665,AT76,BLR,27611100.0,27611185.0,27611106.0,463.8928171403542,1.0,0.0,1.0,0.0
666,AT76,BLR,27609660.0,27609745.0,27609659.0,463.8928171403542,1.0,0.0,1.0,0.0
667,AT76,BLR,27608220.0,27608305.0,27608222.0,463.8928171403542,1.0,0.0,1.0,0.0
668,AT76,BLR,27606780.0,27606865.0,27606808.0,463.8928171403542,1.0,0.0,1.0,0.0
669,AT76,BLR,27605340.0,27605425.0,27605344.0,463.8928171403542,1.0,0.0,1.0,0.0
670,AT76,BLR,27603900.0,27603985.0,27603895.0,463.8928171403542,1.0,0.0,1.0,0.0
671,AT76,BLR,27602460.0,27602545.0,27602699.0,463.8928171403542,1.0,0.0,1.0,0.0
672,AT76,BLR,27601020.0,27601105.0,27601032.0,463.8928171403542,1.0,0.0,1.0,0.0
673,AT76,BLR,27598140.0,27598225.0,27598176.0,463.8928171403542,1.0,0.0,1.0,0.0
674,AT76,BLR,27596700.0,27596785.0,27596922.0,463.8928171403542,1.0,0.0,1.0,0.0
675,AT76,BLR,27593820.0,27593905.0,27593820.0,463.8928171403542,1.0,0.0,1.0,0.0
676,AT76,BLR,27592380.0,27592465.0,27592381.0,463.8928171403542,1.0,0.0,1.0,0.0
677,AT76,BLR,27590940.0,27591025.0,27590949.0,463.8928171403542,1.0,0.0,1.0,0.0
678,AT76,BLR,27589500.0,27589585.0,27589498.0,463.8928171403542,1.0,0.0,1.0,0.0
679,AT76,BLR,27588060.0,27588145.0,27588186.0,463.8928171403542,1.0,0.0,1.0,0.0
680,AT76,BLR,27586620.0,27586705.0,27586632.0,463.8928171403542,1.0,0.0,1.0,0.0
681,AT76,BLR,27585180.0,27585265.0,27585349.0,463.8928171403542,1.0,0.0,1.0,0.0
682,AT76,BLR,27583740.0,27583825.0,27583701.0,463.8928171403542,1.0,0.0,1.0,0.0
683,AT76,BLR,27582300.0,27582385.0,27582288.0,463.8928171403542,1.0,0.0,1.0,0.0
684,AT76,BLR,27580860.0,27580945.0,27580855.0,463.8928171403542,1.0,0.0,1.0,0.0
685,AT76,BLR,27579420.0,27579505.0,27579420.0,463.8928171403542,1.0,0.0,1.0,0.0
686,AT76,BLR,27577980.0,27578065.0,27577996.0,463.8928171403542,1.0,0.0,1.0,0.0
687,AT76,BLR,27576540.0,27576625.0,27576793.0,463.8928171403542,1.0,0.0,1.0,0.0
688,AT76,BLR,27575100.0,27575185.0,27575120.0,463.8928171403542,1.0,0.0,1.0,0.0
689,AT76,BLR,27573660.0,27573745.0,27573667.0,463.8928171403542,1.0,0.0,1.0,0.0
690,AT76,BLR,27572220.0,27572305.0,27572231.0,463.8928171403542,1.0,0.0,1.0,0.0
691,AT76,BLR,27570780.0,27570865.0,27570797.0,463.8928171403542,1.0,0.0,1.0,0.0
692,AT76,BLR,27569340.0,27569425.0,27569422.0,463.8928171403542,1.0,0.0,1.0,0.0
693,AT76,BLR,27567900.0,27567985.0,27567903.0,463.8928171403542,1.0,0.0,1.0,0.0
694,AT76,BLR,27566460.0,27566545.0,27566485.0,463.8928171403542,1.0,0.0,1.0,0.0
695,AT76,BLR,27565020.0,27565105.0,27565058.0,463.8928171403542,1.0,0.0,1.0,0.0
696,AT76,BLR,27563580.0,27563665.0,27563594.0,463.8928171403542,1.0,0.0,1.0,0.0
697,AT76,BLR,27562140.0,27562225.0,27562156.0,463.8928171403542,1.0,0.0,1.0,0.0
698,AT76,BLR,27560700.0,27560785.0,27560707.0,463.8928171403542,1.0,0.0,1.0,0.0
699,AT76,BLR,27559260.0,27559345.0,27559362.0,463.8928171403542,1.0,0.0,1.0,0.0
700,AT76,BLR,27557820.0,27557905.0,27557818.0,463.8928171403542,1.0,0.0,1.0,0.0
701,AT76,BLR,27556380.0,27556465.0,27556389.0,463.8928171403542,1.0,0.0,1.0,0.0
702,AT76,BLR,27554940.0,27555025.0,27554998.0,463.8928171403542,1.0,0.0,1.0,0.0
703,AT76,BLR,27553500.0,27553585.0,27553510.0,463.8928171403542,1.0,0.0,1.0,0.0
704,AT76,BLR,27552060.0,27552145.0,27552086.0,463.8928171403542,1.0,0.0,1.0,0.0
705,AT76,BLR,27550620.0,27550705.0,27550642.0,463.8928171403542,1.0,0.0,1.0,0.0
706,AT76,BLR,27549180.0,27549265.0,27549199.0,463.8928171403542,1.0,0.0,1.0,0.0
707,AT76,BLR,27547740.0,27547825.0,27547795.0,463.8928171403542,1.0,0.0,1.0,0.0
708,AT76,BLR,27546300.0,27546385.0,27546306.0,463.8928171403542,1.0,0.0,1.0,0.0
709,AT76,BLR,27544860.0,27544945.0,27544863.0,463.8928171403542,1.0,0.0,1.0,0.0
710,AT76,BLR,27543420.0,27543505.0,27543431.0,463.8928171403542,1.0,0.0,1.0,0.0
711,AT76,BLR,27541980.0,27542065.0,27541970.0,463.8928171403542,1.0,0.0,1.0,0.0
712,AT76,BLR,27540540.0,27540625.0,27540562.0,463.8928171403542,1.0,0.0,1.0,0.0
713,AT76,BLR,27539100.0,27539185.0,27539098.0,463.8928171403542,1.0,0.0,1.0,0.0
714,AT76,BLR,27537660.0,27537745.0,27537671.0,463.8928171403542,1.0,0.0,1.0,0.0
715,AT76,BLR,27536220.0,27536305.0,27536260.0,463.8928171403542,1.0,0.0,1.0,0.0
716,AT76,BLR,27534780.0,27534865.0,27534817.0,463.8928171403542,1.0,0.0,1.0,0.0
717,AT76,BLR,27533340.0,27533425.0,27533335.0,463.8928171403542,1.0,0.0,1.0,0.0
718,AT76,BLR,27531900.0,27531985.0,27531918.0,463.8928171403542,1.0,0.0,1.0,0.0
719,AT76,BLR,27530460.0,27530545.0,27530463.0,463.8928171403542,1.0,0.0,1.0,0.0
720,AT76,BLR,27529020.0,27529105.0,27529029.0,463.8928171403542,1.0,0.0,1.0,0.0
721,AT76,BLR,27527580.0,27527665.0,27527581.0,463.8928171403542,1.0,0.0,1.0,0.0
722,AT76,BLR,27526140.0,27526225.0,27526158.0,463.8928171403542,1.0,0.0,1.0,0.0
723,AT76,BLR,27524700.0,27524785.0,27524719.0,463.8928171403542,1.0,0.0,1.0,0.0
724,AT76,BLR,27523260.0,27523345.0,27523285.0,463.8928171403542,1.0,0.0,1.0,0.0
725,AT76,BLR,27521820.0,27521905.0,27521853.0,463.8928171403542,1.0,0.0,1.0,0.0
726,AT76,BLR,27520380.0,27520465.0,27520384.0,463.8928171403542,1.0,0.0,1.0,0.0
727,AT76,BLR,27518940.0,27519025.0,27518937.0,463.8928171403542,1.0,0.0,1.0,0.0
728,AT76,BLR,27517500.0,27517585.0,27517501.0,463.8928171403542,1.0,0.0,1.0,0.0
729,AT76,BLR,27516060.0,27516145.0,27516063.0,463.8928171403542,1.0,0.0,1.0,0.0
730,AT76,BLR,27514620.0,27514705.0,27514629.0,463.8928171403542,1.0,0.0,1.0,0.0
731,AT76,BLR,27513180.0,27513265.0,27513179.0,463.8928171403542,1.0,0.0,1.0,0.0
732,AT76,BLR,27511740.0,27511825.0,27511748.0,463.8928171403542,1.0,0.0,1.0,0.0
733,AT76,BLR,27510300.0,27510385.0,27510325.0,463.8928171403542,1.0,0.0,1.0,0.0
734,AT76,BLR,27508860.0,27508945.0,27508870.0,463.8928171403542,1.0,0.0,1.0,0.0
735,AT76,BLR,27507420.0,27507505.0,27507661.0,463.8928171403542,1.0,0.0,1.0,0.0
736,AT76,BLR,27505980.0,27506065.0,27505980.0,463.8928171403542,1.0,0.0,1.0,0.0
737,AT76,BLR,27504705.0,27504795.0,27504792.0,463.8928171403542,1.0,0.0,1.0,0.0
738,AT76,BLR,27503100.0,27503185.0,27503131.0,463.8928171403542,1.0,0.0,1.0,0.0
739,AT76,BLR,27501660.0,27501745.0,27501662.0,463.8928171403542,1.0,0.0,1.0,0.0
740,AT76,BLR,27500220.0,27500305.0,27500230.0,463.8928171403542,1.0,0.0,1.0,0.0
741,AT76,BLR,27498780.0,27498865.0,27498782.0,463.8928171403542,1.0,0.0,1.0,0.0
742,AT76,BLR,27497340.0,27497425.0,27497355.0,463.8928171403542,1.0,0.0,1.0,0.0
743,AT76,BLR,27495900.0,27495985.0,27495896.0,463.8928171403542,1.0,0.0,1.0,0.0
744,AT76,BLR,27494460.0,27494545.0,27494474.0,463.8928171403542,1.0,0.0,1.0,0.0
745,AT76,BLR,27493080.0,27493170.0,27493087.0,463.8928171403542,1.0,0.0,1.0,0.0
746,AT76,BLR,27491580.0,27491665.0,27491563.0,463.8928171403542,1.0,0.0,1.0,0.0
747,AT76,BLR,27490140.0,27490225.0,27490141.0,463.8928171403542,1.0,0.0,1.0,0.0
748,AT76,BLR,27487310.0,27487375.0,27487345.0,463.8928171403542,1.0,0.0,1.0,0.0
749,AT76,BLR,27485820.0,27485905.0,27485814.0,463.8928171403542,1.0,0.0,1.0,0.0
750,AT76,BLR,27484425.0,27484510.0,27484521.0,463.8928171403542,1.0,0.0,1.0,0.0
751,AT76,BLR,27482940.0,27483025.0,27482943.0,463.8928171403542,1.0,0.0,1.0,0.0
752,AT76,BLR,27481500.0,27481585.0,27481489.0,463.8928171403542,1.0,0.0,1.0,0.0
753,AT76,BLR,27480165.0,27480250.0,27480191.0,463.8928171403542,1.0,0.0,1.0,0.0
754,AT76,BLR,27477180.0,27477265.0,27477186.0,463.8928171403542,1.0,0.0,1.0,0.0
755,AT76,BLR,27475740.0,27475825.0,27475727.0,463.8928171403542,1.0,0.0,1.0,0.0
756,AT76,BLR,27474300.0,27474385.0,27474315.0,463.8928171403542,1.0,0.0,1.0,0.0
757,AT76,BLR,27472860.0,27472945.0,27472852.0,463.8928171403542,1.0,0.0,1.0,0.0
758,AT76,BLR,27471410.0,27471505.0,27471403.0,463.8928171403542,1.0,0.0,1.0,0.0
759,AT76,BLR,27469970.0,27470065.0,27469976.0,463.8928171403542,1.0,0.0,1.0,0.0
760,AT76,BLR,27468530.0,27468625.0,27468528.0,463.8928171403542,1.0,0.0,1.0,0.0
761,AT76,BLR,27467090.0,27467185.0,27467099.0,463.8928171403542,1.0,0.0,1.0,0.0
762,AT76,BLR,27465650.0,27465745.0,27465652.0,463.8928171403542,1.0,0.0,1.0,0.0
763,AT76,BLR,27464210.0,27464305.0,27464211.0,463.8928171403542,1.0,0.0,1.0,0.0
764,AT76,BLR,27462770.0,27462865.0,27462774.0,463.8928171403542,1.0,0.0,1.0,0.0
765,AT76,BLR,27461330.0,27461425.0,27461328.0,463.8928171403542,1.0,0.0,1.0,0.0
766,AT76,BLR,27459890.0,27459985.0,27459881.0,463.8928171403542,1.0,0.0,1.0,0.0
767,AT76,BLR,27458520.0,27458615.0,27458524.0,463.8928171403542,1.0,0.0,1.0,0.0
768,AT76,BLR,27457010.0,27457105.0,27457023.0,463.8928171403542,1.0,0.0,1.0,0.0
769,AT76,BLR,27455570.0,27455665.0,27455608.0,463.8928171403542,1.0,0.0,1.0,0.0
770,AT76,BLR,27454130.0,27454225.0,27454143.0,463.8928171403542,1.0,0.0,1.0,0.0
771,AT76,BLR,27452910.0,27453000.0,27452926.0,463.8928171403542,1.0,0.0,1.0,0.0
772,AT76,BLR,27451250.0,27451345.0,27451271.0,463.8928171403542,1.0,0.0,1.0,0.0
773,AT76,BLR,27449810.0,27449905.0,27449817.0,463.8928171403542,1.0,0.0,1.0,0.0
774,AT76,BLR,27448370.0,27448465.0,27448376.0,463.8928171403542,1.0,0.0,1.0,0.0
775,AT76,BLR,27446930.0,27447025.0,27446935.0,463.8928171403542,1.0,0.0,1.0,0.0
776,AT76,BLR,27445490.0,27445585.0,27445558.0,463.8928171403542,1.0,0.0,1.0,0.0
777,AT76,BLR,27444050.0,27444145.0,27444067.0,463.8928171403542,1.0,0.0,1.0,0.0
778,AT76,BLR,27442610.0,27442705.0,27442627.0,463.8928171403542,1.0,0.0,1.0,0.0
779,AT76,BLR,27441170.0,27441265.0,27441177.0,463.8928171403542,1.0,0.0,1.0,0.0
780,AT76,BLR,27439730.0,27439825.0,27439722.0,463.8928171403542,1.0,0.0,1.0,0.0
781,AT76,BLR,27438415.0,27438385.0,27438502.0,463.8928171403542,1.0,0.0,1.0,0.0
782,AT76,BLR,27436850.0,27436945.0,27436854.0,463.8928171403542,1.0,0.0,1.0,0.0
783,AT76,BLR,27435410.0,27435505.0,27435408.0,463.8928171403542,1.0,0.0,1.0,0.0
784,AT76,BLR,27433970.0,27434065.0,27433975.0,463.8928171403542,1.0,0.0,1.0,0.0
785,AT76,BLR,27432530.0,27432625.0,27432522.0,463.8928171403542,1.0,0.0,1.0,0.0
786,AT76,BLR,27431090.0,27431185.0,27431081.0,463.8928171403542,1.0,0.0,1.0,0.0
787,AT76,BLR,27429650.0,27429745.0,27429651.0,463.8928171403542,1.0,0.0,1.0,0.0
788,AT76,BLR,27428210.0,27428305.0,27428225.0,463.8928171403542,1.0,0.0,1.0,0.0
789,AT76,BLR,27426770.0,27426865.0,27426783.0,463.8928171403542,1.0,0.0,1.0,0.0
790,AT76,BLR,27425330.0,27425425.0,27425331.0,463.8928171403542,1.0,0.0,1.0,0.0
791,AT76,BLR,27423890.0,27423985.0,27423891.0,463.8928171403542,1.0,0.0,1.0,0.0
792,AT76,BLR,27422450.0,27422545.0,27422463.0,463.8928171403542,1.0,0.0,1.0,0.0
793,AT76,BLR,27421010.0,27421105.0,27421046.0,463.8928171403542,1.0,0.0,1.0,0.0
794,AT76,BLR,27419570.0,27419665.0,27419570.0,463.8928171403542,1.0,0.0,1.0,0.0
795,AT76,BLR,27418130.0,27418225.0,27418145.0,463.8928171403542,1.0,0.0,1.0,0.0
796,AT76,BLR,27416690.0,27416785.0,27416679.0,463.8928171403542,1.0,0.0,1.0,0.0
797,AT76,BLR,27415250.0,27415345.0,27415252.0,463.8928171403542,1.0,0.0,1.0,0.0
798,AT76,BLR,27413810.0,27413905.0,27413809.0,463.8928171403542,1.0,0.0,1.0,0.0
799,AT76,BLR,27412370.0,27412465.0,27412391.0,463.8928171403542,1.0,0.0,1.0,0.0
800,AT76,BLR,27410930.0,27411025.0,27410949.0,463.8928171403542,1.0,0.0,1.0,0.0
801,AT76,BLR,27409490.0,27409585.0,27409498.0,463.8928171403542,1.0,0.0,1.0,0.0
802,AT76,BLR,27408050.0,27408145.0,27408072.0,463.8928171403542,1.0,0.0,1.0,0.0
803,AT76,BLR,27406680.0,27406770.0,27406700.0,463.8928171403542,1.0,0.0,1.0,0.0
804,AT76,BLR,27405170.0,27405265.0,27405175.0,463.8928171403542,1.0,0.0,1.0,0.0
805,AT76,BLR,27403730.0,27403825.0,27403745.0,463.8928171403542,1.0,0.0,1.0,0.0
806,AT76,BLR,27402290.0,27402385.0,27402306.0,463.8928171403542,1.0,0.0,1.0,0.0
807,AT76,BLR,27400850.0,27400945.0,27400871.0,463.8928171403542,1.0,0.0,1.0,0.0
808,AT76,BLR,27399410.0,27399505.0,27399420.0,463.8928171403542,1.0,0.0,1.0,0.0
809,AT76,BLR,27397970.0,27398065.0,27397964.0,463.8928171403542,1.0,0.0,1.0,0.0
810,AT76,BLR,27396530.0,27396625.0,27396524.0,463.8928171403542,1.0,0.0,1.0,0.0
811,AT76,BLR,27395090.0,27395185.0,27395092.0,463.8928171403542,1.0,0.0,1.0,0.0
812,AT76,BLR,27393720.0,27393810.0,27393712.0,463.8928171403542,1.0,0.0,1.0,0.0
813,AT76,BLR,27392210.0,27392305.0,27392222.0,463.8928171403542,1.0,0.0,1.0,0.0
814,AT76,BLR,27390715.0,27390810.0,27390725.0,463.8928171403542,1.0,0.0,1.0,0.0
